time,data1,data2,data3,data4,data5,data6,data7,data8,data9,data10,data11,data12,data13,data14,data15,data16
1740179214.5549376,2.0,2.0,2.0,2.0,2.0,2.0,369.0,109.0,7.0,0.0,0.0,0.0,34.41515625,100.0,703.9709521027954,2968.190806379079
1740179215.5661516,2.0,2.0,2.0,2.0,2.0,2.0,369.0,109.0,7.0,0.0,0.0,0.0,23.6309765625,35.46853176666221,1009.8744134472239,28.142047214854
1740179216.5772376,2.0,2.0,2.0,2.0,2.0,2.0,405.0,117.0,8.0,0.0,0.0,0.0,23.6676953125,35.42084961161842,1009.8735531750799,28.14922894975461
1740179217.5882967,2.0,2.0,2.0,2.0,2.0,2.0,405.0,117.0,8.0,0.0,0.0,0.0,23.7091015625,35.356562523319205,1009.8701491443492,28.17764657115567
1740179218.601333,2.0,2.0,2.0,2.0,2.0,2.0,405.0,117.0,8.0,0.0,0.0,0.0,23.7477734375,35.27497407662749,1009.8673538608174,28.20098229072133
1740179219.6144714,2.0,2.0,2.0,2.0,2.0,2.0,393.0,113.0,8.0,0.0,0.0,0.0,23.7798046875,35.18710049027429,1009.8707415861089,28.17270072726165
1740179220.6276531,2.0,2.0,2.0,2.0,2.0,2.0,393.0,113.0,8.0,0.0,0.0,0.0,23.808125,35.1159544462834,1009.8713832394653,28.16734405596913
1740179221.64144,2.0,2.0,2.0,2.0,2.0,2.0,393.0,113.0,8.0,0.0,0.0,0.0,23.8309765625,35.02728020029083,1009.8715289033614,28.166128020307386
1740179222.6533916,2.0,2.0,2.0,2.0,2.0,2.0,381.0,111.0,8.0,0.0,0.0,0.0,23.8505078125,34.9383350428629,1009.8782253845009,28.11022441099972
1740179223.6673303,2.0,2.0,2.0,2.0,2.0,2.0,381.0,111.0,8.0,0.0,0.0,0.0,23.8665234375,34.88313121935873,1009.8721349654828,28.161068476037073
1740179224.6812944,2.0,2.0,2.0,2.0,2.0,2.0,381.0,111.0,8.0,0.0,0.0,0.0,23.8790234375,34.8106007373888,1009.8688138311409,28.188794090169285
1740179225.69246,2.0,2.0,2.0,2.0,2.0,2.0,387.0,111.0,7.0,0.0,0.0,0.0,23.889375,34.74923246478233,1009.8774602059523,28.116612264565266
1740179226.703565,2.0,2.0,2.0,2.0,2.0,2.0,387.0,111.0,7.0,0.0,0.0,0.0,23.89953125,34.704864933563464,1009.8788660557211,28.1048759709028
1740179227.7146645,2.0,2.0,2.0,2.0,2.0,2.0,387.0,111.0,7.0,0.0,0.0,0.0,23.9083203125,34.637724632905645,1009.8762595563742,28.12663551958834
1740179228.725777,1.0,2.0,2.0,1.0,2.0,2.0,387.0,109.0,2.0,0.0,0.0,0.0,23.916328125,34.57053854433993,1009.8688907231292,28.188152176852885
1740179229.735966,1.0,2.0,2.0,1.0,2.0,2.0,387.0,109.0,2.0,0.0,0.0,0.0,23.9227734375,34.542846745630804,1009.8692834872334,28.184873285669322
1740179230.748943,1.0,2.0,2.0,1.0,2.0,2.0,387.0,109.0,2.0,0.0,0.0,0.0,23.928046875,34.498073214041206,1009.8642617440147,28.2267961089131
1740179231.7619576,1.0,1.0,1.0,1.0,1.0,1.0,357.0,99.0,3.0,0.0,0.0,0.0,23.93390625,34.49296871056413,1009.8636755825544,28.23168954879452
1740179232.7748919,1.0,1.0,1.0,1.0,1.0,1.0,357.0,99.0,3.0,0.0,0.0,0.0,23.939375,34.47085465224622,1009.8607082603947,28.256461619745153
1740179233.787769,1.0,1.0,1.0,1.0,1.0,1.0,357.0,99.0,3.0,0.0,0.0,0.0,23.946796875,34.47155555765437,1009.8592738694173,28.268436355166944
1740179234.8015478,1.0,2.0,2.0,1.0,2.0,2.0,375.0,105.0,8.0,0.0,0.0,0.0,23.9534375,34.4778402780034,1009.8530771600743,28.320168541874814
1740179235.814888,1.0,2.0,2.0,1.0,2.0,2.0,375.0,105.0,8.0,0.0,0.0,0.0,23.9622265625,34.495644801019736,1009.8470105838269,28.3708145832965
1740179236.8277369,1.0,2.0,2.0,1.0,2.0,2.0,375.0,105.0,8.0,0.0,0.0,0.0,23.9801953125,34.50866084393755,1009.8493581650317,28.351216070504496
1740179237.841709,1.0,2.0,2.0,1.0,2.0,2.0,369.0,101.0,8.0,0.0,0.0,0.0,23.99796875,34.55562265957195,1009.8600222350808,28.26218876756611
1740179238.8547194,1.0,2.0,2.0,1.0,2.0,2.0,369.0,101.0,8.0,0.0,0.0,0.0,24.005,34.58459645651473,1009.8648486941091,28.22189608760204
1740179239.8676195,1.0,2.0,2.0,1.0,2.0,2.0,369.0,101.0,8.0,0.0,0.0,0.0,24.014765625,34.58552170598834,1009.853495175439,28.316678802759682
1740179240.8806298,1.0,1.0,1.0,1.0,1.0,1.0,375.0,95.0,8.0,0.0,0.0,0.0,24.026875,34.575344696246525,1009.852970077979,28.321062501013248
1740179241.8936217,1.0,1.0,1.0,1.0,1.0,1.0,375.0,95.0,8.0,0.0,0.0,0.0,24.039765625,34.559580427504144,1009.8589355762834,28.271260531913715
1740179242.905824,1.0,1.0,1.0,1.0,1.0,1.0,375.0,95.0,8.0,0.0,0.0,0.0,24.0485546875,34.549090019710675,1009.8580516534078,28.27863979980367
1740179243.918757,1.0,1.0,1.0,1.0,1.0,1.0,354.0,88.0,10.0,0.0,0.0,0.0,24.049921875,34.492617796209856,1009.8586056933136,28.27401449872862
1740179244.9316888,1.0,1.0,1.0,1.0,1.0,1.0,354.0,88.0,10.0,0.0,0.0,0.0,24.057734375,34.414148760845215,1009.8612775340263,28.25170915284357
1740179245.944779,1.0,1.0,1.0,1.0,1.0,1.0,354.0,88.0,10.0,0.0,0.0,0.0,24.0665234375,34.33581087499975,1009.8569349614237,28.287962305340795
1740179246.9578185,1.0,1.0,1.0,1.0,1.0,1.0,318.0,80.0,9.0,0.0,0.0,0.0,24.07375,34.2404144853859,1009.8465249241398,28.374869062173307
1740179247.9708712,1.0,1.0,1.0,1.0,1.0,1.0,318.0,80.0,9.0,0.0,0.0,0.0,24.0743359375,34.12187086336935,1009.838858326773,28.43887305403753
1740179248.9838557,0.0,0.0,0.0,0.0,0.0,0.0,318.0,80.0,9.0,0.0,0.0,0.0,24.0755078125,33.99783516307876,1009.8166091062283,28.6246211691205
1740179249.996928,0.0,0.0,0.0,0.0,0.0,0.0,348.0,90.0,10.0,0.0,0.0,0.0,24.0753125,33.879410820782105,1009.7955350495453,28.800561458297345
1740179251.0099387,0.0,0.0,0.0,0.0,0.0,0.0,348.0,90.0,10.0,0.0,0.0,0.0,24.0731640625,33.74963645014386,1009.7642840506564,29.061471126102486
1740179252.0229218,0.0,0.0,0.0,0.0,0.0,0.0,348.0,90.0,10.0,0.0,0.0,0.0,24.068671875,33.64789313027403,1009.73430710235,29.311750090133064
1740179253.0358691,0.0,0.0,0.0,0.0,0.0,0.0,360.0,92.0,10.0,0.0,0.0,0.0,24.06359375,33.529297741323674,1009.7033522592917,29.570199857819034
1740179254.0493338,0.0,0.0,0.0,0.0,0.0,0.0,360.0,92.0,10.0,0.0,0.0,0.0,24.0567578125,33.416255662355205,1009.6763788815381,29.795412601529893
1740179255.0623815,0.0,0.0,0.0,0.0,0.0,0.0,360.0,92.0,10.0,0.0,0.0,0.0,24.04953125,33.325724493212654,1009.648753745879,30.026072211888764
1740179256.0753028,0.0,0.0,0.0,0.0,0.0,0.0,330.0,86.0,11.0,0.0,0.0,0.0,24.038203125,33.24609794202452,1009.6384860141808,30.111805256155066
1740179257.0882952,0.0,0.0,0.0,0.0,0.0,0.0,330.0,86.0,11.0,0.0,0.0,0.0,24.0278515625,33.172215565216675,1009.629848444215,30.183927396054166
1740179258.1014333,0.0,0.0,0.0,0.0,0.0,0.0,330.0,86.0,11.0,0.0,0.0,0.0,24.0196484375,33.092963314071454,1009.604051497847,30.399330185559048
1740179259.1144521,0.0,1.0,1.0,0.0,1.0,1.0,324.0,84.0,12.0,1.0,0.0,0.0,24.0087109375,33.00230183867951,1009.5754188305493,30.6384162748578
1740179260.1274486,0.0,1.0,1.0,0.0,1.0,1.0,324.0,84.0,12.0,1.0,0.0,0.0,23.9962109375,32.92275519317264,1009.5528219860855,30.827106420501487
1740179261.138988,0.0,1.0,1.0,0.0,1.0,1.0,324.0,84.0,12.0,1.0,0.0,0.0,23.9848828125,32.84895741965223,1009.5269954847602,31.042769317001756
1740179262.1500914,0.0,1.0,1.0,0.0,1.0,1.0,348.0,88.0,12.0,1.0,0.0,0.0,23.9716015625,32.814180031097386,1009.4875366060503,31.372277320070804
1740179263.1611817,1.0,2.0,2.0,1.0,2.0,2.0,348.0,88.0,12.0,1.0,0.0,0.0,23.9596875,32.790723281303485,1009.4572755744354,31.624984219798552
1740179264.1722052,1.0,2.0,2.0,1.0,2.0,2.0,348.0,88.0,12.0,1.0,0.0,0.0,23.9477734375,32.750494345606725,1009.4287436857445,31.863256835216653
1740179265.1832957,1.0,1.0,1.0,1.0,1.0,1.0,312.0,78.0,7.0,1.0,0.0,0.0,23.933125,32.71003088679248,1009.3939191425702,32.154087418621565
1740179266.1961517,0.0,0.0,0.0,0.0,0.0,0.0,312.0,78.0,7.0,1.0,0.0,0.0,23.9141796875,32.669192629458394,1009.3674794307153,32.37489909540605
1740179267.2092884,0.0,0.0,0.0,0.0,0.0,0.0,312.0,78.0,7.0,1.0,0.0,0.0,23.894453125,32.59478096689913,1009.3518349342908,32.50555656314476
1740179268.222306,0.0,0.0,0.0,0.0,0.0,0.0,312.0,82.0,8.0,2.0,0.0,0.0,23.8716015625,32.53129664370526,1009.337886720871,32.62204863979542
1740179269.234642,0.0,0.0,0.0,0.0,0.0,0.0,312.0,82.0,8.0,2.0,0.0,0.0,23.8454296875,32.45638690127199,1009.3356779113798,32.64049619751212
1740179270.2476737,0.0,0.0,0.0,0.0,0.0,0.0,312.0,82.0,8.0,2.0,0.0,0.0,23.8231640625,32.38187258784359,1009.3313459411551,32.676676085691405
1740179271.2609892,0.0,0.0,0.0,0.0,0.0,0.0,306.0,88.0,8.0,2.0,0.0,0.0,23.805,32.313342796784774,1009.3234899377139,32.742288428528
1740179272.2741232,0.0,0.0,0.0,0.0,0.0,0.0,306.0,88.0,8.0,2.0,0.0,0.0,23.787421875,32.23933092390774,1009.318339293117,32.785306182373674
1740179273.2872026,0.0,0.0,0.0,0.0,0.0,0.0,306.0,88.0,8.0,2.0,0.0,0.0,23.7716015625,32.17108590451026,1009.3143940326867,32.81825678846859
1740179274.3006847,0.0,0.0,0.0,0.0,0.0,0.0,288.0,80.0,6.0,2.0,0.0,0.0,23.7563671875,32.119626014018756,1009.311426071913,32.84304510834504
1740179275.3138182,0.0,0.0,0.0,0.0,0.0,0.0,288.0,80.0,6.0,2.0,0.0,0.0,23.743671875,32.07397672733642,1009.3092400984384,32.86130233136294
1740179276.3272781,0.0,0.0,0.0,0.0,0.0,0.0,288.0,80.0,6.0,2.0,0.0,0.0,23.73078125,32.06726786317917,1009.304999363687,32.89672098607466
1740179277.3407452,0.0,0.0,0.0,0.0,0.0,0.0,276.0,76.0,6.0,2.0,0.0,0.0,23.714765625,32.04359310590159,1009.3059086835626,32.88912632816017
1740179278.3537228,0.0,0.0,0.0,0.0,0.0,0.0,276.0,76.0,6.0,2.0,0.0,0.0,23.701875,32.031324601428445,1009.3016665389238,32.92455685297452
1740179279.366777,0.0,0.0,0.0,0.0,0.0,0.0,276.0,76.0,6.0,2.0,0.0,0.0,23.6925,32.33115379595352,1009.3257567899788,32.72335592391442
1740179280.379217,0.0,0.0,0.0,0.0,0.0,0.0,270.0,70.0,6.0,2.0,0.0,0.0,23.6878125,32.35860500109405,1009.3663123846245,32.384645807432264
1740179281.3920553,0.0,0.0,0.0,0.0,0.0,0.0,270.0,70.0,6.0,2.0,0.0,0.0,23.6909375,32.219586069172664,1009.392265573768,32.16789708765748
1740179282.404996,0.0,0.0,0.0,0.0,0.0,0.0,270.0,70.0,6.0,2.0,0.0,0.0,23.700703125,32.10354635965095,1009.4137557577159,31.98842468454375
1740179283.416886,0.0,0.0,0.0,0.0,0.0,0.0,282.0,76.0,7.0,2.0,0.0,0.0,23.72296875,31.91643226932071,1009.411189832102,32.009853507207254
1740179284.4305365,0.0,0.0,0.0,0.0,0.0,0.0,282.0,76.0,7.0,2.0,0.0,0.0,23.748359375,31.72427046837041,1009.4051987896612,32.05988669053129
1740179285.443099,0.0,0.0,0.0,0.0,0.0,0.0,282.0,76.0,7.0,2.0,0.0,0.0,23.7628125,31.570199741478277,1009.39303998686,32.161429626339064
1740179286.4557397,0.0,0.0,0.0,0.0,0.0,0.0,306.0,82.0,7.0,2.0,0.0,0.0,23.7688671875,31.443250933134294,1009.3875956961881,32.2068973562093
1740179287.4685137,0.0,0.0,0.0,0.0,0.0,0.0,306.0,82.0,7.0,2.0,0.0,0.0,23.7628125,31.343035371148765,1009.3774867819127,32.291321990849724
1740179288.481605,0.0,0.0,0.0,0.0,0.0,0.0,306.0,82.0,7.0,2.0,0.0,0.0,23.7534375,31.436362835533494,1009.3791154057013,32.27772048704487
1740179289.495569,0.0,0.0,0.0,0.0,0.0,0.0,312.0,86.0,7.0,1.0,0.0,0.0,23.7450390625,31.120218024918426,1009.3650932402556,32.394827633632595
1740179290.5086143,0.0,0.0,0.0,0.0,0.0,0.0,312.0,86.0,7.0,1.0,0.0,0.0,23.7301953125,31.030523705023583,1009.3524063245756,32.50078447863179
1740179291.5215108,0.0,0.0,0.0,0.0,0.0,0.0,312.0,86.0,7.0,1.0,0.0,0.0,23.6934765625,30.961086792883727,1009.344666763122,32.56542321769447
1740179292.5345263,0.0,1.0,1.0,0.0,1.0,1.0,306.0,88.0,11.0,1.0,0.0,0.0,23.6626171875,30.89771520982384,1009.3380663489745,32.62054842140167
1740179293.5475407,0.0,1.0,1.0,0.0,1.0,1.0,306.0,88.0,11.0,1.0,0.0,0.0,23.6227734375,30.82257758938246,1009.3302825223682,32.68555760012003
1740179294.5606282,0.0,1.0,1.0,0.0,1.0,1.0,306.0,88.0,11.0,1.0,0.0,0.0,23.59796875,30.870087131179545,1009.3286010410354,32.69960109581993
1740179295.5736828,0.0,1.0,1.0,0.0,1.0,1.0,312.0,90.0,11.0,1.0,0.0,0.0,23.575703125,30.91230934976788,1009.3277015995559,32.70711311238932
1740179296.586733,0.0,1.0,1.0,0.0,1.0,1.0,312.0,90.0,11.0,1.0,0.0,0.0,23.5426953125,30.843277531841686,1009.3313195725106,32.67689631256957
1740179297.599739,0.0,1.0,1.0,0.0,1.0,1.0,312.0,90.0,11.0,1.0,0.0,0.0,23.5001171875,30.84513793355956,1009.3362241213786,32.63593435221016
1740179298.612762,0.0,1.0,1.0,0.0,1.0,1.0,318.0,90.0,13.0,0.0,0.0,0.0,23.45421875,30.747495233959604,1009.333847307239,32.655785080684026
1740179299.6257923,0.0,1.0,1.0,0.0,1.0,1.0,318.0,90.0,13.0,0.0,0.0,0.0,23.4118359375,30.611698822431826,1009.3269700383194,32.71322301931236
1740179300.6388154,0.0,1.0,1.0,0.0,1.0,1.0,318.0,90.0,13.0,0.0,0.0,0.0,23.3659375,30.569266251393383,1009.3228490260282,32.74764125975708
1740179301.6518347,0.0,1.0,1.0,0.0,1.0,1.0,336.0,94.0,16.0,0.0,0.0,0.0,23.321796875,30.565511793627053,1009.3164744756729,32.80088102586782
1740179302.664869,0.0,1.0,1.0,0.0,1.0,1.0,336.0,94.0,16.0,0.0,0.0,0.0,23.268671875,30.52249200569912,1009.3106258413527,32.849728620223345
1740179303.677047,0.0,1.0,1.0,0.0,1.0,1.0,336.0,94.0,16.0,0.0,0.0,0.0,23.225703125,30.50784681065192,1009.309644908271,32.85792136230401
1740179304.6900585,0.0,1.0,1.0,0.0,1.0,1.0,348.0,100.0,16.0,1.0,0.0,0.0,23.180390625,30.493007629298067,1009.3064670012401,32.88446325041849
1740179305.703973,0.0,1.0,1.0,0.0,1.0,1.0,348.0,100.0,16.0,1.0,0.0,0.0,23.131171875,30.50532876219767,1009.3071129912147,32.87906793492563
1740179306.716935,0.0,1.0,1.0,0.0,1.0,1.0,348.0,100.0,16.0,1.0,0.0,0.0,23.0774609375,30.4952802582453,1009.3071478423957,32.87877685755217
1740179307.7298617,0.0,2.0,2.0,0.0,2.0,2.0,366.0,106.0,19.0,2.0,0.0,0.0,23.0282421875,30.524093592475452,1009.3008663774876,32.931239839853916
1740179308.7428808,0.0,2.0,2.0,0.0,2.0,2.0,366.0,106.0,19.0,2.0,0.0,0.0,22.98078125,30.52556991376,1009.3044164233557,32.90158971837222
1740179309.7558386,0.0,2.0,2.0,0.0,2.0,2.0,366.0,106.0,19.0,2.0,0.0,0.0,22.9313671875,30.54887043714334,1009.3081439339127,32.870457495772385
1740179310.76882,0.0,2.0,2.0,0.0,2.0,2.0,366.0,108.0,18.0,2.0,0.0,0.0,22.8790234375,30.577421984818955,1009.3138670902791,32.822657791433606
1740179311.7817693,0.0,2.0,2.0,0.0,2.0,2.0,366.0,108.0,18.0,2.0,0.0,0.0,22.833125,30.57353270622078,1009.3130924925878,32.82912720529595
1740179312.7947552,0.0,2.0,2.0,0.0,2.0,2.0,366.0,108.0,18.0,2.0,0.0,0.0,22.80109375,30.631301675807592,1009.313053068787,32.829456471659405
1740179313.8081455,0.0,2.0,2.0,0.0,2.0,2.0,372.0,108.0,20.0,2.0,0.0,0.0,22.7753125,30.673115602272595,1009.3096511967395,32.857868841068296
1740179314.8222964,0.0,2.0,2.0,0.0,2.0,2.0,372.0,108.0,20.0,2.0,0.0,0.0,22.749921875,30.736982735947358,1009.3155266448106,32.80879726134208
1740179315.8352497,0.0,2.0,2.0,0.0,2.0,2.0,372.0,108.0,20.0,2.0,0.0,0.0,22.7200390625,30.90513133194579,1009.3104395278001,32.85128470842373
1740179316.8481886,0.0,1.0,1.0,0.0,1.0,1.0,336.0,97.0,19.0,2.0,0.0,0.0,22.6815625,31.078241317270386,1009.3099620875945,32.85527228345124
1740179317.8611434,0.0,1.0,1.0,0.0,1.0,1.0,336.0,97.0,19.0,2.0,0.0,0.0,22.64328125,31.174268270998788,1009.3218805677312,32.755729733226865
1740179318.8741453,0.0,1.0,1.0,0.0,1.0,1.0,336.0,97.0,19.0,2.0,0.0,0.0,22.5973828125,31.242082704450603,1009.3141573084232,32.82023390028821
1740179319.8878467,0.0,1.0,1.0,0.0,1.0,1.0,312.0,91.0,21.0,2.0,0.0,0.0,22.5489453125,31.271041872036825,1009.3211548043929,32.76179124513038
1740179320.8995974,0.0,1.0,1.0,0.0,1.0,1.0,312.0,91.0,21.0,2.0,0.0,0.0,22.5040234375,31.289261396773078,1009.3305690143118,32.68316486157071
1740179321.910707,0.0,1.0,1.0,0.0,1.0,1.0,312.0,91.0,21.0,2.0,0.0,0.0,22.46515625,31.28039261233441,1009.3328496625634,32.66411724264901
1740179322.9217708,1.0,2.0,2.0,1.0,2.0,2.0,306.0,89.0,17.0,2.0,0.0,0.0,22.4372265625,31.305597467372625,1009.337890041805,32.6220209040085
1740179323.9328666,1.0,2.0,2.0,1.0,2.0,2.0,306.0,89.0,17.0,2.0,0.0,0.0,22.4169140625,31.33698440311861,1009.3384177878554,32.61761327399535
1740179324.9441578,1.0,2.0,2.0,1.0,2.0,2.0,306.0,89.0,17.0,2.0,0.0,0.0,22.397578125,31.362936288556302,1009.3336786333471,32.65719381643355
1740179325.958425,1.0,2.0,2.0,1.0,2.0,2.0,318.0,91.0,17.0,2.0,0.0,0.0,22.37765625,31.399891241258402,1009.3348560649989,32.64736011086992
1740179326.9709623,1.0,2.0,2.0,1.0,2.0,2.0,318.0,91.0,17.0,2.0,0.0,0.0,22.3551953125,31.431107718450246,1009.3369590092582,32.629796707157496
1740179327.9835463,1.0,2.0,2.0,1.0,2.0,2.0,318.0,91.0,17.0,2.0,0.0,0.0,22.3383984375,31.462818382340924,1009.3364608844807,32.63395695101412
1740179328.9960146,0.0,1.0,1.0,0.0,1.0,1.0,324.0,93.0,19.0,2.0,0.0,0.0,22.325703125,31.48383237963055,1009.3376474721772,32.62404679790835
1740179330.0084248,0.0,1.0,1.0,0.0,1.0,1.0,324.0,93.0,19.0,2.0,0.0,0.0,22.31515625,31.5326816033763,1009.338977523822,32.61293847260365
1740179331.0210755,0.0,1.0,1.0,0.0,1.0,1.0,324.0,93.0,19.0,2.0,0.0,0.0,22.3032421875,31.58142738181124,1009.336296473547,32.63533008037828
1740179332.0336905,0.0,1.0,1.0,0.0,1.0,1.0,282.0,81.0,17.0,2.0,0.0,0.0,22.292109375,31.63025569375581,1009.3349213734165,32.64681466653078
1740179333.046275,1.0,2.0,2.0,1.0,2.0,2.0,282.0,81.0,17.0,2.0,0.0,0.0,22.2837109375,31.64612826695311,1009.3312217865168,32.67771300624205
1740179334.0590873,1.0,2.0,2.0,1.0,2.0,2.0,282.0,81.0,17.0,2.0,0.0,0.0,22.276875,31.717494649208813,1009.3422041353114,32.585990508076826
1740179335.0718188,1.0,2.0,2.0,1.0,2.0,2.0,282.0,77.0,21.0,1.0,0.0,0.0,22.2708203125,31.755730167390563,1009.3320786507877,32.67055660899092
1740179336.0847633,1.0,2.0,2.0,1.0,2.0,2.0,282.0,77.0,21.0,1.0,0.0,0.0,22.263984375,31.799446764124582,1009.3292673361383,32.69403629052895
1740179337.0977514,1.0,2.0,2.0,1.0,2.0,2.0,282.0,77.0,21.0,1.0,0.0,0.0,22.25890625,31.8488705873799,1009.3259473231601,32.72176461298854
1740179338.1107163,1.0,2.0,2.0,1.0,2.0,2.0,288.0,77.0,21.0,0.0,0.0,0.0,22.2466015625,31.86996497293115,1009.3226104898755,32.74963349089752
1740179339.1255255,1.0,2.0,2.0,1.0,2.0,2.0,288.0,77.0,21.0,0.0,0.0,0.0,22.23,31.90177295112096,1009.3120870935833,32.837524269955466
1740179340.138401,1.0,2.0,2.0,1.0,2.0,2.0,288.0,77.0,21.0,0.0,0.0,0.0,22.2176953125,31.9228732157646,1009.313921104096,32.822206669999915
1740179341.1509926,1.0,2.0,2.0,1.0,2.0,2.0,276.0,75.0,22.0,0.0,0.0,0.0,22.2087109375,31.938721277534405,1009.3144114438524,32.81811137110468
1740179342.1639996,1.0,2.0,2.0,1.0,2.0,2.0,276.0,75.0,22.0,0.0,0.0,0.0,22.2036328125,31.960457547609813,1009.3197104210751,32.773854618727206
1740179343.177057,1.0,2.0,2.0,1.0,2.0,2.0,276.0,75.0,22.0,0.0,0.0,0.0,22.1989453125,31.976684787466695,1009.3187666820214,32.7817366591444
1740179344.189235,1.0,2.0,2.0,1.0,2.0,2.0,303.0,84.0,22.0,1.0,0.0,0.0,22.1942578125,32.00955443905925,1009.3195468018349,32.77522115437737
1740179345.2022707,1.0,2.0,2.0,1.0,2.0,2.0,303.0,84.0,22.0,1.0,0.0,0.0,22.189765625,32.025803717702395,1009.3154816730105,32.80917286369206
1740179346.2155612,1.0,2.0,2.0,1.0,2.0,2.0,303.0,84.0,22.0,1.0,0.0,0.0,22.1876171875,32.042259964859014,1009.3187841984692,32.7815903629861
1740179347.2286422,1.0,2.0,2.0,1.0,2.0,2.0,333.0,95.0,23.0,1.0,0.0,0.0,22.1860546875,32.064318532590725,1009.3075513607537,32.87540666922511
1740179348.2416356,1.0,2.0,2.0,1.0,2.0,2.0,333.0,95.0,23.0,1.0,0.0,0.0,22.1844921875,32.075280529615476,1009.3135577334813,32.825241528519484
1740179349.2546563,1.0,2.0,2.0,1.0,2.0,2.0,333.0,95.0,23.0,1.0,0.0,0.0,22.18,32.09708690160828,1009.311216417526,32.844796137766075
1740179350.2676346,1.0,2.0,2.0,1.0,2.0,2.0,351.0,99.0,21.0,1.0,0.0,0.0,22.17765625,32.107982637951324,1009.3124682580824,32.83434079380914
1740179351.280559,1.0,2.0,2.0,1.0,2.0,2.0,351.0,99.0,21.0,1.0,0.0,0.0,22.1747265625,32.11882767924497,1009.3144639843216,32.81767255520891
1740179352.29361,1.0,2.0,2.0,1.0,2.0,2.0,351.0,99.0,21.0,1.0,0.0,0.0,22.1727734375,32.118656221635675,1009.3094735238884,32.85935276340681
1740179353.3063846,1.0,2.0,2.0,1.0,2.0,2.0,375.0,105.0,20.0,1.0,0.0,0.0,22.1696484375,32.14614072309084,1009.3059708955072,32.88860673294974
1740179354.3193867,1.0,2.0,2.0,1.0,2.0,2.0,375.0,105.0,20.0,1.0,0.0,0.0,22.1673046875,32.145934837941795,1009.3054987560971,32.89255004992273
1740179355.334615,1.0,2.0,2.0,1.0,2.0,2.0,375.0,105.0,20.0,1.0,0.0,0.0,22.1637890625,32.156730900576406,1009.2978950643896,32.95605642759349
1740179356.3487425,1.0,2.0,3.0,1.0,2.0,3.0,381.0,109.0,21.0,1.0,0.0,0.0,22.1602734375,32.16752765360311,1009.3023583599332,32.91877873402102
1740179357.3623497,1.0,2.0,3.0,1.0,2.0,3.0,381.0,109.0,21.0,1.0,0.0,0.0,22.1565625,32.17830792735273,1009.2978756829642,32.95621830263367
1740179358.3753338,1.0,2.0,3.0,1.0,2.0,3.0,381.0,109.0,21.0,1.0,0.0,0.0,22.14640625,32.188522163586065,1009.3032990316804,32.91092220809691
1740179359.3879156,1.0,2.0,2.0,1.0,2.0,2.0,387.0,113.0,17.0,1.0,0.0,0.0,22.134296875,32.17079778597847,1009.2985599245911,32.9505034696082
1740179360.4007602,1.0,2.0,2.0,1.0,2.0,2.0,387.0,113.0,17.0,1.0,0.0,0.0,22.11984375,32.15842275487941,1009.3036902453565,32.90765477846257
1740179361.4138236,1.0,2.0,2.0,1.0,2.0,2.0,387.0,113.0,17.0,1.0,0.0,0.0,22.1063671875,32.146135244038376,1009.2983868580706,32.9519489327697
1740179362.4264028,1.0,2.0,3.0,1.0,2.0,3.0,393.0,115.0,19.0,1.0,0.0,0.0,22.090546875,32.13919494866278,1009.3029520350528,32.91382033633278
1740179363.4389515,1.0,2.0,3.0,1.0,2.0,3.0,393.0,115.0,19.0,1.0,0.0,0.0,22.0712109375,32.12639629220024,1009.301635421215,32.924816749496884
1740179364.4504614,1.0,2.0,3.0,1.0,2.0,3.0,393.0,115.0,19.0,1.0,0.0,0.0,22.050703125,32.11904711516158,1009.3018041484808,32.92340753175356
1740179365.4629555,1.0,2.0,3.0,1.0,2.0,3.0,399.0,119.0,15.0,2.0,0.0,0.0,22.033515625,32.10644051685059,1009.295460413066,32.976390827644884
1740179366.4767766,1.0,2.0,3.0,1.0,2.0,3.0,399.0,119.0,15.0,2.0,0.0,0.0,22.0243359375,32.122285080264746,1009.2956167827621,32.97508481440435
1740179367.4907696,1.0,2.0,3.0,1.0,2.0,3.0,399.0,119.0,15.0,2.0,0.0,0.0,22.0159375,32.13819948217963,1009.2936326810623,32.991656215722905
1740179368.504467,1.0,2.0,3.0,1.0,2.0,3.0,387.0,117.0,13.0,3.0,0.0,0.0,22.0036328125,32.15932367583992,1009.2885609558538,33.0340158546871
1740179369.517451,1.0,2.0,3.0,1.0,2.0,3.0,387.0,117.0,13.0,3.0,0.0,0.0,21.9911328125,32.16932951989611,1009.2917790309434,33.007138097173616
1740179370.5310574,1.0,2.0,3.0,1.0,2.0,3.0,387.0,117.0,13.0,3.0,0.0,0.0,21.9798046875,32.173886874798725,1009.2900631472532,33.02146935939535
1740179371.5440154,1.0,2.0,3.0,1.0,2.0,3.0,375.0,113.0,12.0,3.0,0.0,0.0,21.9712109375,32.20089290843124,1009.2911975559375,33.01199464254426
1740179372.5570152,1.0,2.0,3.0,1.0,2.0,3.0,375.0,113.0,12.0,3.0,0.0,0.0,21.962421875,32.211226445969324,1009.2920048769397,33.005251806345655
1740179373.5701146,1.0,2.0,3.0,1.0,2.0,3.0,375.0,113.0,12.0,3.0,0.0,0.0,21.958125,32.23306212887205,1009.2934334207778,32.993320457546744
1740179374.5831304,1.0,2.0,2.0,1.0,2.0,2.0,342.0,104.0,9.0,2.0,0.0,0.0,21.9524609375,32.23811809596292,1009.2942980349715,32.98609911525548
1740179375.5961149,1.0,2.0,2.0,1.0,2.0,2.0,342.0,104.0,9.0,2.0,0.0,0.0,21.9477734375,32.25992297796793,1009.2881797463076,33.037199768129085
1740179376.6091874,1.0,2.0,2.0,1.0,2.0,2.0,342.0,104.0,9.0,2.0,0.0,0.0,21.9426953125,32.265031115538555,1009.2934708758975,32.99300762862187
1740179377.6221793,1.0,2.0,2.0,1.0,2.0,2.0,324.0,98.0,8.0,2.0,0.0,0.0,21.9380078125,32.2812840503437,1009.2942455127705,32.98653778567312
1740179378.6352184,1.0,2.0,2.0,1.0,2.0,2.0,324.0,98.0,8.0,2.0,0.0,0.0,21.9333203125,32.29753857883058,1009.30191302335,32.92249820402908
1740179379.6479,1.0,2.0,2.0,1.0,2.0,2.0,324.0,98.0,8.0,2.0,0.0,0.0,21.928828125,32.313811897571625,1009.3099070729082,32.855731765568315
1740179380.6593728,1.0,2.0,2.0,1.0,2.0,2.0,306.0,94.0,7.0,2.0,0.0,0.0,21.9235546875,32.33557524150671,1009.3079778201685,32.871844878208194
1740179381.670499,1.0,2.0,2.0,1.0,2.0,2.0,306.0,94.0,7.0,2.0,0.0,0.0,21.9128125,32.345743833526896,1009.3003459050658,32.93558685290823
1740179382.681612,1.0,2.0,2.0,1.0,2.0,2.0,306.0,94.0,7.0,2.0,0.0,0.0,21.9048046875,32.33948090071866,1009.2990114104567,32.946732630397236
1740179383.692722,1.0,1.0,1.0,1.0,1.0,1.0,276.0,88.0,7.0,2.0,0.0,0.0,21.896796875,32.35544816173828,1009.2959535148825,32.97227239914008
1740179384.7038515,1.0,1.0,1.0,1.0,1.0,1.0,276.0,88.0,7.0,2.0,0.0,0.0,21.888984375,32.349202128493474,1009.2914990378541,33.0094766310131
1740179385.7163768,1.0,1.0,1.0,1.0,1.0,1.0,276.0,88.0,7.0,2.0,0.0,0.0,21.88234375,32.37640711986849,1009.2993435923063,32.94395822692993
1740179386.7290013,1.0,1.0,1.0,1.0,1.0,1.0,252.0,82.0,6.0,2.0,0.0,0.0,21.8743359375,32.3701429131161,1009.2945619087535,32.98389521662568
1740179387.742074,1.0,1.0,1.0,1.0,1.0,1.0,252.0,82.0,6.0,2.0,0.0,0.0,21.862421875,32.385768128537286,1009.3004753751802,32.93450551153036
1740179388.755113,1.0,1.0,1.0,1.0,1.0,1.0,252.0,82.0,6.0,2.0,0.0,0.0,21.8548046875,32.37397982931443,1009.2911775432927,33.01216179046888
1740179389.7681642,1.0,1.0,1.0,1.0,1.0,1.0,234.0,76.0,6.0,2.0,0.0,0.0,21.8497265625,32.373532322225785,1009.2947427609303,32.98238472251227
1740179390.78125,1.0,1.0,1.0,1.0,1.0,1.0,234.0,76.0,6.0,2.0,0.0,0.0,21.8415234375,32.38948450159595,1009.2999714442045,32.938714370845815
1740179391.7944386,1.0,1.0,1.0,1.0,1.0,1.0,234.0,76.0,6.0,2.0,0.0,0.0,21.833125,32.377627510591694,1009.3048729162012,32.89777707845616
1740179392.8074133,1.0,2.0,2.0,1.0,2.0,2.0,276.0,88.0,6.0,3.0,0.0,0.0,21.82375,32.39347643491633,1009.3029711656834,32.91366055660284
1740179393.8205905,1.0,2.0,2.0,1.0,2.0,2.0,276.0,88.0,6.0,3.0,0.0,0.0,21.81359375,32.39813986759396,1009.3100994990579,32.85412462435934
1740179394.8334835,1.0,2.0,2.0,1.0,2.0,2.0,276.0,88.0,6.0,3.0,0.0,0.0,21.801484375,32.39707248909094,1009.3191278958304,32.77871982679636
1740179395.8459585,1.0,1.0,1.0,1.0,1.0,1.0,258.0,82.0,8.0,3.0,0.0,0.0,21.7876171875,32.406967596470906,1009.323491221427,32.74227770708687
1740179396.8571215,1.0,1.0,1.0,1.0,1.0,1.0,258.0,82.0,8.0,3.0,0.0,0.0,21.7751171875,32.39474883927684,1009.3266955108927,32.715515838583656
1740179397.8682997,1.0,1.0,1.0,1.0,1.0,1.0,258.0,82.0,8.0,3.0,0.0,0.0,21.763984375,32.40488460543931,1009.3270182841537,32.71282007609597
1740179398.8794525,1.0,2.0,2.0,1.0,2.0,2.0,321.0,97.0,10.0,2.0,0.0,0.0,21.751484375,32.40378307227211,1009.3233300217519,32.743624030623636
1740179399.890521,1.0,2.0,2.0,1.0,2.0,2.0,321.0,97.0,10.0,2.0,0.0,0.0,21.7352734375,32.41347154384856,1009.3254906930005,32.7255783352719
1740179400.9034224,1.0,2.0,2.0,1.0,2.0,2.0,321.0,97.0,10.0,2.0,0.0,0.0,21.7184765625,32.41754994107878,1009.3266695999903,32.71573224327862
1740179401.9172907,1.0,2.0,2.0,1.0,2.0,2.0,363.0,107.0,10.0,2.0,0.0,0.0,21.700703125,32.421542345602646,1009.3244903885083,32.733932767600734
1740179402.930386,1.0,2.0,2.0,1.0,2.0,2.0,363.0,107.0,10.0,2.0,0.0,0.0,21.6856640625,32.42577576004025,1009.3234404742983,32.7427015420036
1740179403.9433966,1.0,2.0,2.0,1.0,2.0,2.0,363.0,107.0,10.0,2.0,0.0,0.0,21.6688671875,32.43541308508661,1009.3194480042912,32.776046304153574
1740179404.9556787,1.0,2.0,2.0,1.0,2.0,2.0,381.0,105.0,11.0,2.0,0.0,0.0,21.65734375,32.43439763411709,1009.3173893699078,32.793239881158556
1740179405.969398,1.0,2.0,2.0,1.0,2.0,2.0,381.0,105.0,11.0,2.0,0.0,0.0,21.6450390625,32.43887214086948,1009.3157452911805,32.806971137371235
1740179406.9827802,1.0,2.0,2.0,1.0,2.0,2.0,381.0,105.0,11.0,2.0,0.0,0.0,21.635078125,32.46023076420963,1009.3094106119338,32.85987820363493
1740179407.995751,2.0,2.0,2.0,2.0,2.0,2.0,405.0,109.0,11.0,2.0,0.0,0.0,21.620234375,32.44224531366903,1009.3121284381325,32.83717896129051
1740179409.0087135,2.0,2.0,2.0,2.0,2.0,2.0,405.0,109.0,11.0,2.0,0.0,0.0,21.599140625,32.451504312256716,1009.3129972491993,32.82992267514742
1740179410.0217848,2.0,2.0,2.0,2.0,2.0,2.0,405.0,109.0,11.0,2.0,0.0,0.0,21.5794140625,32.46088400530479,1009.316152148059,32.80357308913894
1740179411.0351076,2.0,2.0,2.0,2.0,2.0,2.0,411.0,107.0,11.0,2.0,0.0,0.0,21.560859375,32.459249204559626,1009.3178219157082,32.78962728513833
1740179412.0480971,2.0,2.0,2.0,2.0,2.0,2.0,411.0,107.0,11.0,2.0,0.0,0.0,21.54328125,32.457700748123685,1009.3125134714911,32.8339631726407
1740179413.0614908,2.0,2.0,2.0,2.0,2.0,2.0,411.0,107.0,11.0,2.0,0.0,0.0,21.53234375,32.47897284870543,1009.3165961169423,32.79986508456818
1740179414.0744507,2.0,2.0,2.0,2.0,2.0,2.0,423.0,111.0,14.0,2.0,0.0,0.0,21.5262890625,32.51179844320863,1009.3150732604018,32.81258390714346
1740179415.0887632,2.0,2.0,2.0,2.0,2.0,2.0,423.0,111.0,14.0,2.0,0.0,0.0,21.51828125,32.52777441357304,1009.3171698669586,32.795073156817146
1740179416.1033843,2.0,2.0,2.0,2.0,2.0,2.0,423.0,111.0,14.0,2.0,0.0,0.0,21.5102734375,32.554875361340976,1009.3227103732855,32.74879927416105
1740179417.1164463,2.0,3.0,3.0,2.0,3.0,3.0,447.0,115.0,15.0,3.0,0.0,0.0,21.5012890625,32.5818944634802,1009.32661592106,32.716180563164556
1740179418.1306221,2.0,3.0,3.0,2.0,3.0,3.0,447.0,115.0,15.0,3.0,0.0,0.0,21.493671875,32.64799155355351,1009.331087308696,32.67883614455505
1740179419.1432033,2.0,3.0,3.0,2.0,3.0,3.0,447.0,115.0,15.0,3.0,0.0,0.0,21.4817578125,32.719304462285535,1009.319755983847,32.773474081898364
1740179420.156168,2.0,3.0,3.0,2.0,3.0,3.0,471.0,119.0,14.0,3.0,0.0,0.0,21.4673046875,32.75700420766857,1009.316228607609,32.80293450294012
1740179421.1692765,2.0,3.0,3.0,2.0,3.0,3.0,471.0,119.0,14.0,3.0,0.0,0.0,21.4516796875,32.78346712626643,1009.3159048224387,32.80563874017954
1740179422.182386,2.0,3.0,3.0,2.0,3.0,3.0,471.0,119.0,14.0,3.0,0.0,0.0,21.4360546875,32.79322120972871,1009.3121361245247,32.83711476473506
1740179423.195366,1.0,3.0,3.0,1.0,3.0,3.0,459.0,111.0,14.0,5.0,1.0,0.0,21.41515625,32.80250753181118,1009.3167580406291,32.79851270685478
1740179424.2084205,1.0,3.0,3.0,1.0,3.0,3.0,459.0,111.0,14.0,5.0,1.0,0.0,21.3969921875,32.78418511528254,1009.3173458558201,32.79360330822126
1740179425.220743,1.0,3.0,3.0,1.0,3.0,3.0,459.0,111.0,14.0,5.0,1.0,0.0,21.383515625,32.788559530749765,1009.3120047105367,32.83821233118366
1740179426.2337987,1.0,2.0,3.0,1.0,2.0,3.0,453.0,109.0,11.0,4.0,1.0,0.0,21.3766796875,32.79909314196396,1009.3177792544288,32.78998358947209
1740179427.2502494,1.0,2.0,3.0,1.0,2.0,3.0,453.0,109.0,11.0,4.0,1.0,0.0,21.3665234375,32.81490327687469,1009.3197169893094,32.77379976133199
1740179428.26328,1.0,2.0,3.0,1.0,2.0,3.0,453.0,109.0,11.0,4.0,1.0,0.0,21.360859375,32.82554231602971,1009.3154004931064,32.80985087445325
1740179429.2763455,1.0,2.0,3.0,1.0,2.0,3.0,408.0,96.0,11.0,4.0,1.0,0.0,21.3596875,32.85329621911872,1009.3168821983104,32.79747574885554
1740179430.289387,1.0,2.0,3.0,1.0,2.0,3.0,408.0,96.0,11.0,4.0,1.0,0.0,21.3583203125,32.881037969347105,1009.3145935093053,32.81659076781427
1740179431.3027759,1.0,2.0,3.0,1.0,2.0,3.0,408.0,96.0,11.0,4.0,1.0,0.0,21.3598828125,32.90904550754214,1009.310322285524,32.85226391440727
1740179432.31576,1.0,2.0,3.0,1.0,2.0,3.0,384.0,90.0,12.0,4.0,1.0,0.0,21.3628125,32.94833147242141,1009.3152265923355,32.81130328570498
1740179433.330128,1.0,2.0,3.0,1.0,2.0,3.0,384.0,90.0,12.0,4.0,1.0,0.0,21.3649609375,32.98198159453506,1009.3171013576161,32.795645342859906
1740179434.3452754,1.0,2.0,3.0,1.0,2.0,3.0,384.0,90.0,12.0,4.0,1.0,0.0,21.3684765625,33.0213402486217,1009.3178213104032,32.78963234060534
1740179435.358403,1.0,2.0,3.0,1.0,2.0,3.0,372.0,90.0,16.0,4.0,1.0,0.0,21.3675,33.04914901493111,1009.3179082845348,32.788905938141795
1740179436.370497,1.0,2.0,3.0,1.0,2.0,3.0,372.0,90.0,16.0,4.0,1.0,0.0,21.363984375,33.065575141488516,1009.3120231327237,32.838058469518074
1740179437.3830707,1.0,2.0,3.0,1.0,2.0,3.0,372.0,90.0,16.0,4.0,1.0,0.0,21.3606640625,33.070858997653765,1009.3133518190979,32.82696131855662
1740179438.3956137,1.0,2.0,2.0,1.0,2.0,2.0,348.0,84.0,16.0,4.0,1.0,0.0,21.3520703125,33.07009147475906,1009.3196262163448,32.774557890311414
1740179439.4082148,1.0,2.0,2.0,1.0,2.0,2.0,348.0,84.0,16.0,4.0,1.0,0.0,21.3430859375,33.080450099443155,1009.3149161538464,32.813896054212115
1740179440.4204338,1.0,2.0,2.0,1.0,2.0,2.0,348.0,84.0,16.0,4.0,1.0,0.0,21.3344921875,33.06294171323702,1009.3125814387683,32.83339551180484
1740179441.4315596,1.0,2.0,3.0,1.0,2.0,3.0,336.0,82.0,19.0,5.0,1.0,0.0,21.330390625,33.0402576827992,1009.3177666807854,32.79008860375741
1740179442.4426568,1.0,2.0,3.0,1.0,2.0,3.0,336.0,82.0,19.0,5.0,1.0,0.0,21.3266796875,33.03992658343735,1009.3201624643298,32.770079188226774
1740179443.453741,1.0,2.0,3.0,1.0,2.0,3.0,336.0,82.0,19.0,5.0,1.0,0.0,21.319453125,33.02812447694669,1009.3132294708029,32.82798316755567
1740179444.4648068,0.0,2.0,2.0,0.0,2.0,2.0,336.0,76.0,17.0,5.0,1.0,0.0,21.31984375,33.022580946618774,1009.3069969686932,32.88003695611642
1740179445.475903,0.0,2.0,2.0,0.0,2.0,2.0,336.0,76.0,17.0,5.0,1.0,0.0,21.3153515625,33.01660225766223,1009.3115279194931,32.84219447941297
1740179446.4884465,0.0,2.0,2.0,0.0,2.0,2.0,336.0,76.0,17.0,5.0,1.0,0.0,21.3063671875,33.026957439676266,1009.3102599174749,32.85278481158762
1740179447.5039513,1.0,2.0,2.0,1.0,2.0,2.0,336.0,80.0,17.0,4.0,1.0,0.0,21.299140625,33.020734915288756,1009.3067697106948,32.88193501732025
1740179448.5170364,1.0,2.0,2.0,1.0,2.0,2.0,336.0,80.0,17.0,4.0,1.0,0.0,21.2837109375,33.00820417135091,1009.303318486943,32.91075971707186
1740179449.530778,1.0,2.0,2.0,1.0,2.0,2.0,336.0,80.0,17.0,4.0,1.0,0.0,21.2735546875,33.01845407223289,1009.3086949359566,32.8658555265559
1740179450.543741,1.0,2.0,3.0,1.0,2.0,3.0,324.0,78.0,18.0,5.0,1.0,0.0,21.262421875,33.02303949744592,1009.3124358087132,32.834611810074314
1740179451.5577042,1.0,2.0,3.0,1.0,2.0,3.0,324.0,78.0,18.0,5.0,1.0,0.0,21.2528515625,33.02218650456918,1009.3136276653682,32.82465745980428
1740179452.5707843,1.0,2.0,3.0,1.0,2.0,3.0,324.0,78.0,18.0,5.0,1.0,0.0,21.24796875,33.05522068858625,1009.3140599297534,32.8210472032558
1740179453.5849414,1.0,2.0,2.0,1.0,2.0,2.0,306.0,78.0,16.0,2.0,0.0,0.0,21.2372265625,33.048683975635704,1009.3115677346243,32.841861944262966
1740179454.5980868,1.0,2.0,2.0,1.0,2.0,2.0,306.0,78.0,16.0,2.0,0.0,0.0,21.2243359375,33.047534580188504,1009.3140848692824,32.82083890924567
1740179455.612063,1.0,2.0,2.0,1.0,2.0,2.0,306.0,78.0,16.0,2.0,0.0,0.0,21.2159375,33.04678581826399,1009.3069090566823,32.88077119811806
1740179456.623955,1.0,2.0,2.0,1.0,2.0,2.0,324.0,84.0,16.0,2.0,0.0,0.0,21.2048046875,33.045793378742076,1009.303761556471,32.907059185767416
1740179457.6369405,1.0,2.0,2.0,1.0,2.0,2.0,324.0,84.0,16.0,2.0,0.0,0.0,21.19640625,33.05062289514915,1009.3120768923268,32.837609470601336
1740179458.651116,1.0,2.0,2.0,1.0,2.0,2.0,324.0,84.0,16.0,2.0,0.0,0.0,21.19640625,33.07293751422009,1009.3120768923268,32.837609470601336
1740179459.6641057,1.0,2.0,2.0,1.0,2.0,2.0,330.0,90.0,14.0,2.0,0.0,0.0,21.1958203125,33.07846443512895,1009.3145384109317,32.81705094717706
1740179460.6770983,1.0,2.0,2.0,1.0,2.0,2.0,330.0,90.0,14.0,2.0,0.0,0.0,21.198359375,33.101009936991716,1009.3119044564975,32.8390496505676
1740179461.6901245,1.0,2.0,2.0,1.0,2.0,2.0,330.0,90.0,14.0,2.0,0.0,0.0,21.20265625,33.12371611628087,1009.3139348510349,32.82209185606803
1740179462.703359,1.0,2.0,2.0,1.0,2.0,2.0,330.0,92.0,14.0,2.0,0.0,0.0,21.207734375,33.129750924519655,1009.3172732344433,32.79420983765375
1740179463.7163992,1.0,2.0,2.0,1.0,2.0,2.0,330.0,92.0,14.0,2.0,0.0,0.0,21.214375,33.14708945615645,1009.3128996629462,32.83073771260172
1740179464.7294073,1.0,2.0,2.0,1.0,2.0,2.0,330.0,92.0,14.0,2.0,0.0,0.0,21.2175,33.17528207510951,1009.3060824220962,32.88767526106156
1740179465.7414734,1.0,2.0,2.0,1.0,2.0,2.0,306.0,88.0,10.0,2.0,0.0,0.0,21.2200390625,33.19225982608004,1009.3034481015525,32.90967717144773
1740179466.7544427,1.0,2.0,2.0,1.0,2.0,2.0,306.0,88.0,10.0,2.0,0.0,0.0,21.2239453125,33.20936208848467,1009.3151522159449,32.81192447396705
1740179467.7673838,1.0,2.0,2.0,1.0,2.0,2.0,306.0,88.0,10.0,2.0,0.0,0.0,21.2309765625,33.2267464646293,1009.3165961551135,32.79986476576541
1740179468.7804408,1.0,2.0,2.0,1.0,2.0,2.0,354.0,102.0,17.0,2.0,0.0,0.0,21.23625,33.23838993333772,1009.3133755168876,32.826763395396114
1740179469.7935245,1.0,2.0,2.0,1.0,2.0,2.0,354.0,102.0,17.0,2.0,0.0,0.0,21.2356640625,33.26068227668158,1009.3141159044645,32.82057970457985
1740179470.8066163,1.0,2.0,2.0,1.0,2.0,2.0,354.0,102.0,17.0,2.0,0.0,0.0,21.2305859375,33.24346831300094,1009.3211062681909,32.76219661536919
1740179471.8196013,1.0,2.0,2.0,1.0,2.0,2.0,390.0,114.0,14.0,1.0,0.0,0.0,21.2227734375,33.25952681198725,1009.3183542443539,32.78518131063173
1740179472.8326104,1.0,2.0,2.0,1.0,2.0,2.0,390.0,114.0,14.0,1.0,0.0,0.0,21.2149609375,33.253240335371665,1009.3087166934545,32.86567380796758
1740179473.8456411,1.0,2.0,2.0,1.0,2.0,2.0,390.0,114.0,14.0,1.0,0.0,0.0,21.20578125,33.25241778705756,1009.2967900694597,32.96528542755838
1740179474.8587098,2.0,2.0,3.0,2.0,2.0,3.0,402.0,122.0,16.0,2.0,1.0,0.0,21.1934765625,33.22897346519924,1009.2916802412525,33.00796319974658
1740179475.873848,2.0,2.0,3.0,2.0,2.0,3.0,402.0,122.0,16.0,2.0,1.0,0.0,21.1774609375,33.233124516475165,1009.2906841035533,33.01628305712844
1740179476.8860302,2.0,2.0,3.0,2.0,2.0,3.0,402.0,122.0,16.0,2.0,1.0,0.0,21.1602734375,33.22600102352943,1009.2928883082935,32.997873292890624
1740179477.8989556,1.0,2.0,3.0,1.0,2.0,3.0,378.0,114.0,15.0,2.0,1.0,0.0,21.1383984375,33.240797336950784,1009.2872424281729,33.04502837949831
1740179478.912032,1.0,2.0,3.0,1.0,2.0,3.0,378.0,114.0,15.0,2.0,1.0,0.0,21.1110546875,33.22718091832021,1009.296532614277,32.96743571359336
1740179479.9250417,1.0,2.0,3.0,1.0,2.0,3.0,378.0,114.0,15.0,2.0,1.0,0.0,21.0817578125,33.235728277715246,1009.3008271888278,32.931567145538004
1740179480.9382017,1.0,2.0,2.0,1.0,2.0,2.0,372.0,112.0,15.0,1.0,1.0,0.0,21.04953125,33.29986776294661,1009.2916071598383,33.00857358395323
1740179481.9515347,1.0,2.0,2.0,1.0,2.0,2.0,372.0,112.0,15.0,1.0,1.0,0.0,21.020625,33.42581581096613,1009.2776187489488,33.12540702678653
1740179482.9658153,1.0,2.0,2.0,1.0,2.0,2.0,372.0,112.0,15.0,1.0,1.0,0.0,20.99015625,33.4007179757151,1009.2610112982114,33.26411681125458
1740179483.9797935,1.0,2.0,2.0,1.0,2.0,2.0,378.0,112.0,15.0,1.0,1.0,0.0,20.953046875,33.54837797660785,1009.2384425354335,33.45261999976857
1740179484.994146,1.0,2.0,2.0,1.0,2.0,2.0,378.0,112.0,15.0,1.0,1.0,0.0,20.917890625,33.685146642971304,1009.2105384475254,33.685690642362886
1740179486.0063312,1.0,2.0,2.0,1.0,2.0,2.0,378.0,112.0,15.0,1.0,1.0,0.0,20.8872265625,33.69917704084751,1009.1798322365229,33.942172223958735
1740179487.020243,1.0,2.0,2.0,1.0,2.0,2.0,348.0,104.0,16.0,1.0,1.0,0.0,20.873359375,33.787553997636344,1009.1652113957138,34.064298804909164
1740179488.0354593,1.0,2.0,2.0,1.0,2.0,2.0,348.0,104.0,16.0,1.0,1.0,0.0,20.86671875,33.90467328497497,1009.1730148573079,33.99911700702576
1740179489.048379,1.0,2.0,2.0,1.0,2.0,2.0,348.0,104.0,16.0,1.0,1.0,0.0,20.860078125,33.915286710975806,1009.156732712814,34.1351211442451
1740179490.0613534,1.0,2.0,2.0,1.0,2.0,2.0,348.0,100.0,16.0,1.0,1.0,0.0,20.855390625,34.01023268799925,1009.1299586735558,34.35876754472148
1740179491.074399,1.0,2.0,2.0,1.0,2.0,2.0,348.0,100.0,16.0,1.0,1.0,0.0,20.8559765625,34.14503380611628,1009.1016937792516,34.594872429476446
1740179492.0873857,1.0,2.0,2.0,1.0,2.0,2.0,348.0,100.0,16.0,1.0,1.0,0.0,20.860078125,34.179114815799196,1009.0741548701269,34.82491809912429
1740179493.1004312,1.0,2.0,2.0,1.0,2.0,2.0,366.0,104.0,15.0,1.0,1.0,0.0,20.862421875,34.34797819681692,1009.0643165993623,34.907103109282176
1740179494.1133075,1.0,2.0,2.0,1.0,2.0,2.0,366.0,104.0,15.0,1.0,1.0,0.0,20.8594921875,34.41522263893529,1009.0439274567381,35.07742798202238
1740179495.1266022,1.0,2.0,2.0,1.0,2.0,2.0,366.0,104.0,15.0,1.0,1.0,0.0,20.85421875,34.51043350247198,1009.0178935763346,35.294911377014444
1740179496.1395845,1.0,2.0,2.0,1.0,2.0,2.0,366.0,104.0,15.0,1.0,1.0,0.0,20.8466015625,34.61675721491657,1008.987935559138,35.54518208428162
1740179497.1516078,1.0,2.0,2.0,1.0,2.0,2.0,366.0,104.0,15.0,1.0,1.0,0.0,20.833125,34.6211479563691,1008.9395656406768,35.94927939467044
1740179498.1646404,1.0,2.0,2.0,1.0,2.0,2.0,366.0,104.0,15.0,1.0,1.0,0.0,20.815546875,34.75482147187418,1008.9170142034284,36.13768646184078
1740179499.1768522,1.0,1.0,2.0,1.0,1.0,2.0,318.0,92.0,8.0,1.0,1.0,0.0,20.7911328125,34.73000423507561,1008.8898974199703,36.36423944876813
1740179500.1898205,1.0,1.0,2.0,1.0,1.0,2.0,318.0,92.0,8.0,1.0,1.0,0.0,20.763203125,34.9361882724638,1008.879254836267,36.4531565455909
1740179501.2011392,1.0,1.0,2.0,1.0,1.0,2.0,318.0,92.0,8.0,1.0,1.0,0.0,20.734296875,35.040814081386735,1008.8618144405883,36.59886992407795
1740179502.2122824,1.0,1.0,2.0,1.0,1.0,2.0,300.0,88.0,9.0,1.0,1.0,0.0,20.706953125,35.156958469749775,1008.8452683112936,36.73711365016699
1740179503.223395,1.0,1.0,2.0,1.0,1.0,2.0,300.0,88.0,9.0,1.0,1.0,0.0,20.6786328125,35.10908995246321,1008.8322446345484,36.84592840275311
1740179504.234498,1.0,1.0,2.0,1.0,1.0,2.0,300.0,88.0,9.0,1.0,1.0,0.0,20.6466015625,35.162631507789314,1008.8181638247396,36.96357693869929
1740179505.245595,1.0,1.0,1.0,1.0,1.0,1.0,294.0,84.0,6.0,0.0,0.0,0.0,20.6114453125,35.22720733449275,1008.7988468280236,37.124977232665415
1740179506.2584987,1.0,1.0,1.0,1.0,1.0,1.0,294.0,84.0,6.0,0.0,0.0,0.0,20.5735546875,35.34248110571996,1008.783545399676,37.25282781838777
1740179507.2714422,1.0,1.0,1.0,1.0,1.0,1.0,294.0,84.0,6.0,0.0,0.0,0.0,20.5333203125,35.42363059999063,1008.7780702430447,37.29857569258042
1740179508.284488,1.0,1.0,1.0,1.0,1.0,1.0,312.0,90.0,7.0,1.0,0.0,0.0,20.487421875,35.52694649751015,1008.7682607949116,37.38053940285376
1740179509.2971735,1.0,1.0,1.0,1.0,1.0,1.0,312.0,90.0,7.0,1.0,0.0,0.0,20.4409375,35.601919005414615,1008.771215896899,37.355847719269924
1740179510.309811,1.0,1.0,1.0,1.0,1.0,1.0,312.0,90.0,7.0,1.0,0.0,0.0,20.3989453125,35.6716721396793,1008.7662129859383,37.3976501330213
1740179511.3249826,1.0,1.0,1.0,1.0,1.0,1.0,279.0,81.0,6.0,1.0,0.0,0.0,20.363203125,35.74203976880751,1008.7579193184207,37.46694922187086
1740179512.3385022,1.0,1.0,1.0,1.0,1.0,1.0,279.0,81.0,6.0,1.0,0.0,0.0,20.3298046875,35.82400697004343,1008.756984579803,37.474759611458815
1740179513.3508477,1.0,1.0,1.0,1.0,1.0,1.0,279.0,81.0,6.0,1.0,0.0,0.0,20.2966015625,35.871959798630854,1008.7580909903714,37.465514784272074
1740179514.3638048,1.0,1.0,1.0,1.0,1.0,1.0,261.0,77.0,6.0,1.0,0.0,0.0,20.2606640625,35.93670350520585,1008.7477369047851,37.55203066721303
1740179515.3768313,1.0,1.0,1.0,1.0,1.0,1.0,261.0,77.0,6.0,1.0,0.0,0.0,20.2243359375,35.97870576758621,1008.7504730943228,37.529167752325336
1740179516.3893535,1.0,1.0,1.0,1.0,1.0,1.0,261.0,77.0,6.0,1.0,0.0,0.0,20.1844921875,36.04311372042556,1008.7490320156872,37.541209038435824
1740179517.402276,1.0,2.0,2.0,1.0,2.0,2.0,303.0,89.0,12.0,4.0,0.0,0.0,20.1462109375,36.08495150465816,1008.746764901407,37.56015249622987
1740179518.414942,1.0,2.0,2.0,1.0,2.0,2.0,303.0,89.0,12.0,4.0,0.0,0.0,20.11359375,36.13870701280981,1008.7436710396743,37.5860041111094
1740179519.4269977,1.0,2.0,2.0,1.0,2.0,2.0,303.0,89.0,12.0,4.0,0.0,0.0,20.0848828125,36.20422499887426,1008.7522723601006,37.51413356522282
1740179520.4395971,1.0,2.0,2.0,1.0,2.0,2.0,267.0,81.0,12.0,5.0,0.0,0.0,20.0534375,36.24674526611754,1008.7494149279922,37.538009519362944
1740179521.4522724,1.0,2.0,2.0,1.0,2.0,2.0,267.0,81.0,12.0,5.0,0.0,0.0,20.0216015625,36.28354601812767,1008.7527713136246,37.50996444590119
1740179522.4652805,1.0,2.0,2.0,1.0,2.0,2.0,267.0,81.0,12.0,5.0,0.0,0.0,19.9942578125,36.35493697512823,1008.758496073952,37.46213003223064
1740179523.478307,0.0,2.0,2.0,0.0,2.0,2.0,231.0,71.0,13.0,6.0,0.0,0.0,19.9649609375,36.41477876092679,1008.7695339885976,37.36990108411456
1740179524.4912667,0.0,2.0,2.0,0.0,2.0,2.0,231.0,71.0,13.0,6.0,0.0,0.0,19.9380078125,36.46916635347864,1008.7724694724129,37.34537334722293
1740179525.5041943,0.0,2.0,2.0,0.0,2.0,2.0,231.0,71.0,13.0,6.0,0.0,0.0,19.910078125,36.55197351817712,1008.7806362082124,37.27713565047196
1740179526.5168016,1.0,2.0,3.0,1.0,2.0,3.0,276.0,85.0,13.0,6.0,0.0,0.0,19.88,36.60610205143816,1008.7817627347328,37.26772291933108
1740179527.529748,1.0,2.0,3.0,1.0,2.0,3.0,276.0,85.0,13.0,6.0,0.0,0.0,19.8534375,36.65487934742933,1008.7681651459187,37.38133860963616
1740179528.5426414,0.0,1.0,2.0,0.0,1.0,2.0,276.0,85.0,13.0,6.0,0.0,0.0,19.8270703125,36.72080367095485,1008.768633648555,37.37742397950368
1740179529.5562472,0.0,1.0,2.0,0.0,1.0,2.0,282.0,85.0,14.0,7.0,1.0,0.0,19.8067578125,36.787333958978905,1008.7706590888123,37.36050018674
1740179530.56926,0.0,1.0,2.0,0.0,1.0,2.0,282.0,85.0,14.0,7.0,1.0,0.0,19.78703125,36.8596564709331,1008.7685121603603,37.37843908858713
1740179531.5821304,0.0,1.0,2.0,0.0,1.0,2.0,282.0,85.0,14.0,7.0,1.0,0.0,19.769453125,36.92650356233061,1008.7682471351877,37.38065353833068
1740179532.5951135,0.0,1.0,2.0,0.0,1.0,2.0,270.0,79.0,13.0,7.0,1.0,0.0,19.7442578125,36.981211744681474,1008.758648318082,37.460857928051915
1740179533.608087,0.0,1.0,2.0,0.0,1.0,2.0,270.0,79.0,13.0,7.0,1.0,0.0,19.72140625,37.036162320760745,1008.7529758794335,37.508255150379185
1740179534.6211164,0.0,1.0,2.0,0.0,1.0,2.0,270.0,79.0,13.0,7.0,1.0,0.0,19.7065625,37.10334111229015,1008.750420363596,37.52960835660445
1740179535.6341372,0.0,1.0,2.0,0.0,1.0,2.0,270.0,79.0,14.0,7.0,1.0,0.0,19.6946484375,37.1479465162154,1008.7441884752718,37.581680530816676
1740179536.6471527,0.0,1.0,2.0,0.0,1.0,2.0,270.0,79.0,14.0,7.0,1.0,0.0,19.685859375,37.23292660649162,1008.7414770498191,37.60433663727007
1740179537.6601307,0.0,1.0,2.0,0.0,1.0,2.0,270.0,79.0,14.0,7.0,1.0,0.0,19.67609375,37.30640389919103,1008.7388456377473,37.626324215730435
1740179538.6731548,0.0,1.0,2.0,0.0,1.0,2.0,276.0,81.0,16.0,6.0,1.0,0.0,19.6645703125,37.37401464195861,1008.7281159360828,37.71598004150599
1740179539.6854355,0.0,1.0,2.0,0.0,1.0,2.0,276.0,81.0,16.0,6.0,1.0,0.0,19.65421875,37.43030518971503,1008.7330873987717,37.67443912669697
1740179540.69762,0.0,1.0,2.0,0.0,1.0,2.0,276.0,81.0,16.0,6.0,1.0,0.0,19.6485546875,37.50427121261966,1008.728744501467,37.71072781932964
1740179541.7097797,0.0,2.0,3.0,0.0,2.0,3.0,333.0,98.0,16.0,6.0,1.0,0.0,19.634296875,37.53155047170963,1008.7254501338175,37.73825521707622
1740179542.7226846,1.0,3.0,4.0,1.0,3.0,4.0,333.0,98.0,16.0,6.0,1.0,0.0,19.61984375,37.59323020303057,1008.7269787355141,37.72548236923825
1740179543.736119,1.0,3.0,4.0,1.0,3.0,4.0,333.0,98.0,16.0,6.0,1.0,0.0,19.60734375,37.63216979150401,1008.7146103112759,37.82883217480796
1740179544.749103,1.0,3.0,4.0,1.0,3.0,4.0,381.0,110.0,18.0,6.0,1.0,0.0,19.599140625,37.66579898912268,1008.7128784574368,37.84330352273519
1740179545.7621098,1.0,3.0,4.0,1.0,3.0,4.0,381.0,110.0,18.0,6.0,1.0,0.0,19.5876171875,37.71059084574269,1008.719316117065,37.78951062505655
1740179546.7746665,1.0,3.0,4.0,1.0,3.0,4.0,381.0,110.0,18.0,6.0,1.0,0.0,19.575703125,37.73813022296316,1008.7165135140173,37.812929060903876
1740179547.787578,1.0,2.0,3.0,1.0,2.0,3.0,369.0,106.0,11.0,3.0,1.0,0.0,19.5598828125,37.782519476465566,1008.7157464975469,37.819338228183796
