time,PM10_Standard,PM25_Standard,PM100_Standard,PM10_Enviornment,PM25_Enviornment,PM100_Enviornment,Particles_03um,Particles_05um,Particles_10um,Particles_25um,Particles_50um,Particles_100um,Tempurature,Relative_Humidity,Pressure,Altitude,Gas
1741392792.45866,2.0,3.0,5.0,2.0,3.0,5.0,444.0,128.0,33.0,4.0,2.0,2.0,33.3919140625,100.0,766.5663078336963,2292.2296779401804,170785.0
1741392793.4698262,2.0,3.0,5.0,2.0,3.0,5.0,444.0,128.0,33.0,4.0,2.0,2.0,25.064765625,42.14622202774656,1009.386990328663,32.21195306604651,10734.0
1741392794.48112,2.0,3.0,4.0,2.0,3.0,4.0,450.0,130.0,31.0,1.0,1.0,1.0,25.09875,41.83145806835506,1009.3852560561319,32.22643680783012,15090.0
1741392795.4922023,2.0,3.0,4.0,2.0,3.0,4.0,450.0,130.0,31.0,1.0,1.0,1.0,25.1376171875,41.56668532304155,1009.3783187909371,32.28437343857992,20138.0
1741392796.506298,2.0,3.0,4.0,2.0,3.0,4.0,450.0,130.0,31.0,1.0,1.0,1.0,25.1719921875,41.25300676240354,1009.3753474926859,32.309188360445084,26364.0
1741392797.5184526,2.0,3.0,3.0,2.0,3.0,3.0,456.0,128.0,29.0,0.0,0.0,0.0,25.1993359375,40.92086025328331,1009.3723528331508,32.33419844489547,31869.0
1741392798.5296648,2.0,3.0,3.0,2.0,3.0,3.0,456.0,128.0,29.0,0.0,0.0,0.0,25.22140625,40.54626329776438,1009.370261581611,32.351663697190055,37221.0
1741392799.5408218,2.0,3.0,3.0,2.0,3.0,3.0,456.0,128.0,29.0,0.0,0.0,0.0,25.2376171875,40.12945405194351,1009.3681542454344,32.36926331123443,42864.0
1741392800.5519576,2.0,3.0,3.0,2.0,3.0,3.0,438.0,122.0,31.0,0.0,0.0,0.0,25.2473828125,39.65862700607379,1009.3577522980148,32.456136578292586,49937.0
1741392801.563127,2.0,3.0,3.0,2.0,3.0,3.0,438.0,122.0,31.0,0.0,0.0,0.0,25.255,39.12870916047434,1009.3678879883369,32.37148698426361,53678.0
1741392802.5743923,2.0,3.0,3.0,2.0,3.0,3.0,438.0,122.0,31.0,0.0,0.0,0.0,25.258125,38.72613336317931,1009.3562436728228,32.46873612528196,57421.0
1741392803.5854871,2.0,3.0,3.0,2.0,3.0,3.0,432.0,122.0,28.0,0.0,0.0,0.0,25.256171875,38.38395960164067,1009.3605318864052,32.43292239992093,62646.0
1741392804.5966172,2.0,3.0,3.0,2.0,3.0,3.0,432.0,122.0,28.0,0.0,0.0,0.0,25.25421875,37.99469201215929,1009.3593009943346,32.44320238613717,67234.0
1741392805.6077988,2.0,3.0,3.0,2.0,3.0,3.0,432.0,122.0,28.0,0.0,0.0,0.0,25.251875,37.56460656858688,1009.3592956558006,32.44324697175495,71085.0
1741392806.618931,2.0,3.0,3.0,2.0,3.0,3.0,456.0,128.0,31.0,0.0,0.0,0.0,25.2493359375,37.14162635699279,1009.3571435586704,32.46122056949783,74827.0
1741392807.630611,2.0,3.0,3.0,2.0,3.0,3.0,456.0,128.0,31.0,0.0,0.0,0.0,25.24484375,36.75517889545863,1009.3592794924485,32.443381962566356,78214.0
1741392808.6446683,2.0,3.0,3.0,2.0,3.0,3.0,456.0,128.0,31.0,0.0,0.0,0.0,25.23859375,36.387270984434615,1009.3531327955113,32.49471720904964,81392.0
1741392809.658066,2.0,3.0,3.0,2.0,3.0,3.0,438.0,122.0,30.0,0.0,0.0,0.0,25.2315625,36.04377990911854,1009.3494370344779,32.525583144779304,84434.0
1741392810.6708996,2.0,3.0,3.0,2.0,3.0,3.0,438.0,122.0,30.0,0.0,0.0,0.0,25.2227734375,35.736235624886554,1009.3540151233019,32.48734827404393,87104.0
1741392811.682106,2.0,3.0,3.0,2.0,3.0,3.0,438.0,122.0,30.0,0.0,0.0,0.0,25.2137890625,35.441057390260674,1009.3546065219737,32.48240909401174,89857.0
1741392812.6931934,2.0,3.0,3.0,2.0,3.0,3.0,438.0,118.0,28.0,0.0,0.0,0.0,25.2040234375,35.187469084228276,1009.3484505999295,32.5338215785574,92401.0
1741392813.7042127,2.0,3.0,3.0,2.0,3.0,3.0,438.0,118.0,28.0,0.0,0.0,0.0,25.19484375,34.95195013878343,1009.3542527787744,32.48536344826131,97430.0
1741392814.7153487,2.0,3.0,3.0,2.0,3.0,3.0,438.0,118.0,28.0,0.0,0.0,0.0,25.1852734375,34.72261831700009,1009.3557612598765,32.47276508454227,99633.0
1741392815.7264853,1.0,2.0,2.0,1.0,2.0,2.0,414.0,114.0,26.0,0.0,0.0,0.0,25.1762890625,34.528760759773306,1009.3526721556939,32.49856433564344,102352.0
1741392816.7376254,1.0,2.0,2.0,1.0,2.0,2.0,414.0,114.0,26.0,0.0,0.0,0.0,25.1657421875,34.35252148042716,1009.3489654878556,32.52952137344825,103982.0
1741392817.748741,1.0,2.0,2.0,1.0,2.0,2.0,414.0,114.0,26.0,0.0,0.0,0.0,25.1540234375,34.21137214272918,1009.3397370740988,32.606594865930404,107339.0
1741392818.76018,1.0,2.0,2.0,1.0,2.0,2.0,378.0,100.0,19.0,0.0,0.0,0.0,25.142890625,34.06458994823378,1009.3479839971737,32.53771852048098,108863.0
1741392819.7714698,1.0,2.0,2.0,1.0,2.0,2.0,378.0,100.0,19.0,0.0,0.0,0.0,25.131953125,33.91215499875272,1009.3528585087862,32.49700796993267,110989.0
1741392820.7825437,1.0,2.0,2.0,1.0,2.0,2.0,378.0,100.0,19.0,0.0,0.0,0.0,25.1192578125,33.765530534646686,1009.3512897080681,32.51011013510238,113198.0
1741392821.7943382,1.0,1.0,1.0,1.0,1.0,1.0,348.0,92.0,15.0,0.0,0.0,0.0,25.1059765625,33.6248103034002,1009.3469596349427,32.546273726084614,115574.0
1741392822.8054876,1.0,1.0,1.0,1.0,1.0,1.0,348.0,92.0,15.0,0.0,0.0,0.0,25.093671875,33.490123450965484,1009.3460037706458,32.55425686118541,117578.0
1741392823.8166294,0.0,0.0,0.0,0.0,0.0,0.0,348.0,92.0,15.0,0.0,0.0,0.0,25.0805859375,33.33230156123235,1009.3456579623751,32.55714496528,119492.0
1741392824.8278332,0.0,1.0,1.0,0.0,1.0,1.0,366.0,100.0,19.0,0.0,0.0,0.0,25.0657421875,33.18028312548329,1009.3388689343182,32.61384538997523,121468.0
1741392825.838911,0.0,1.0,1.0,0.0,1.0,1.0,366.0,100.0,19.0,0.0,0.0,0.0,25.052265625,33.04012448662642,1009.337907378552,32.62187611091747,123424.0
1741392826.8500793,0.0,1.0,1.0,0.0,1.0,1.0,366.0,100.0,19.0,0.0,0.0,0.0,25.038203125,32.911611476558775,1009.3378627058788,32.622249208276756,124823.0
1741392827.8631184,1.0,2.0,2.0,1.0,2.0,2.0,360.0,102.0,16.0,0.0,0.0,0.0,25.02375,32.777406022493295,1009.333524795526,32.65847864399562,126435.0
1741392828.8765347,1.0,2.0,2.0,1.0,2.0,2.0,360.0,102.0,16.0,0.0,0.0,0.0,25.010078125,32.6607099241116,1009.3340927180279,32.65373545171708,127903.0
1741392829.887744,1.0,2.0,2.0,1.0,2.0,2.0,360.0,102.0,16.0,0.0,0.0,0.0,24.995625,32.53827579610487,1009.3352701112465,32.6439020704143,129596.0
1741392830.8988526,1.0,1.0,1.0,1.0,1.0,1.0,399.0,116.0,16.0,0.0,0.0,0.0,24.980390625,32.4504443124822,1009.3315400528534,32.67505489467856,129786.0
1741392831.9100113,1.0,1.0,1.0,1.0,1.0,1.0,399.0,116.0,16.0,0.0,0.0,0.0,24.9665234375,32.38582727719982,1009.3281204154597,32.70361521654269,131432.0
1741392832.9225225,1.0,1.0,1.0,1.0,1.0,1.0,399.0,116.0,16.0,0.0,0.0,0.0,24.952265625,32.3269629438323,1009.3259245519012,32.72195479587507,133119.0
1741392833.933631,0.0,1.0,1.0,0.0,1.0,1.0,393.0,110.0,17.0,0.0,0.0,0.0,24.939375,32.279756852521665,1009.3258780958969,32.72234279099375,134851.0
1741392834.9465585,0.0,1.0,1.0,0.0,1.0,1.0,393.0,110.0,17.0,0.0,0.0,0.0,24.9247265625,32.22665763315783,1009.3230662773483,32.74582679783728,135891.0
1741392835.9594276,0.0,1.0,1.0,0.0,1.0,1.0,393.0,110.0,17.0,0.0,0.0,0.0,24.9067578125,32.150284316583736,1009.3095153895235,32.85900310191465,137480.0
1741392836.9724207,0.0,1.0,1.0,0.0,1.0,1.0,375.0,106.0,15.0,0.0,0.0,0.0,24.8852734375,32.06214967815605,1009.314336745087,32.818735252230404,139328.0
1741392837.9849222,1.0,2.0,2.0,1.0,2.0,2.0,375.0,106.0,15.0,0.0,0.0,0.0,24.8645703125,31.985628604918254,1009.3075144732289,32.87571475406394,141000.0
1741392838.9980652,1.0,2.0,2.0,1.0,2.0,2.0,375.0,106.0,15.0,0.0,0.0,0.0,24.8446484375,31.869056724169194,1009.3055965801282,32.89173302170322,142482.0
1741392840.0092828,1.0,2.0,2.0,1.0,2.0,2.0,381.0,110.0,15.0,0.0,0.0,0.0,24.8266796875,31.775691859191184,1009.3049106944479,32.89746155364084,143760.0
1741392841.0197642,1.0,2.0,2.0,1.0,2.0,2.0,381.0,110.0,15.0,0.0,0.0,0.0,24.810859375,31.653938567993148,1009.3057643998378,32.89033138836621,144704.0
1741392842.0309277,1.0,2.0,2.0,1.0,2.0,2.0,381.0,110.0,15.0,0.0,0.0,0.0,24.789375,31.56041389568508,1009.2995457349398,32.94226991944403,146997.0
1741392843.0421314,1.0,2.0,2.0,1.0,2.0,2.0,363.0,108.0,14.0,0.0,0.0,0.0,24.763984375,31.449451972197494,1009.2945339115773,32.984129051646576,147243.0
1741392844.0532413,1.0,2.0,2.0,1.0,2.0,2.0,363.0,108.0,14.0,0.0,0.0,0.0,24.7346875,31.34967311743615,1009.2852129183708,33.061979147683445,149872.0
1741392845.0663114,1.0,2.0,2.0,1.0,2.0,2.0,363.0,108.0,14.0,0.0,0.0,0.0,24.705,31.261362848776805,1009.2881412802814,33.03752104161157,151548.0
1741392846.079503,1.0,1.0,1.0,1.0,1.0,1.0,342.0,101.0,13.0,0.0,0.0,0.0,24.6770703125,31.144732534265124,1009.2809645391442,33.09746233318265,152862.0
1741392847.0929008,1.0,1.0,1.0,1.0,1.0,1.0,342.0,101.0,13.0,0.0,0.0,0.0,24.6489453125,31.06240762791021,1009.284505430593,33.067888197477146,154199.0
1741392848.1059482,1.0,1.0,1.0,1.0,1.0,1.0,342.0,101.0,13.0,0.0,0.0,0.0,24.61828125,30.974218097693537,1009.2913991960913,33.01031052079661,155286.0
1741392849.1190333,1.0,1.0,1.0,1.0,1.0,1.0,336.0,101.0,13.0,0.0,0.0,0.0,24.58703125,30.91452342140677,1009.2936905915338,32.99117254171902,156112.0
1741392850.1324205,1.0,1.0,1.0,1.0,1.0,1.0,336.0,101.0,13.0,0.0,0.0,0.0,24.5505078125,30.865792839733306,1009.2931928216515,32.99532996586711,157226.0
1741392851.1455848,1.0,1.0,1.0,1.0,1.0,1.0,336.0,101.0,13.0,0.0,0.0,0.0,24.5114453125,30.81686627803667,1009.2960440666441,32.97151610326676,158356.0
1741392852.1568282,1.0,1.0,1.0,1.0,1.0,1.0,324.0,99.0,10.0,0.0,0.0,0.0,24.4708203125,30.750760512243943,1009.2872420005634,33.04503195094964,159070.0
1741392853.1678054,1.0,1.0,1.0,1.0,1.0,1.0,324.0,99.0,10.0,0.0,0.0,0.0,24.43234375,30.701940070239324,1009.2781399527641,33.12105382572201,160665.0
1741392854.179026,1.0,1.0,1.0,1.0,1.0,1.0,324.0,99.0,10.0,0.0,0.0,0.0,24.3981640625,30.636460382059326,1009.2610966168534,33.263404202857764,160959.0
1741392855.190161,1.0,1.0,2.0,1.0,1.0,2.0,333.0,100.0,8.0,1.0,1.0,0.0,24.36359375,30.582348058730155,1009.2324121796283,33.50298848249435,160959.0
1741392856.2013133,1.0,1.0,2.0,1.0,1.0,2.0,333.0,100.0,8.0,1.0,1.0,0.0,24.326875,30.53375846043531,1009.2076924569214,33.70946225043077,161846.0
1741392857.2143874,1.0,1.0,2.0,1.0,1.0,2.0,333.0,100.0,8.0,1.0,1.0,0.0,24.2895703125,30.485142301665576,1009.1802104004033,33.9390134737539,163346.0
1741392858.2251909,0.0,0.0,1.0,0.0,0.0,1.0,384.0,102.0,8.0,1.0,1.0,0.0,24.25109375,30.442124373001654,1009.1472072583833,34.21468772866598,163953.0
1741392859.2357225,0.0,0.0,1.0,0.0,0.0,1.0,384.0,102.0,8.0,1.0,1.0,0.0,24.212421875,30.40478208799786,1009.1249143372717,34.4009039606245,165648.0
1741392860.2468286,0.0,0.0,1.0,0.0,0.0,1.0,384.0,102.0,8.0,1.0,1.0,0.0,24.172578125,30.37869796198489,1009.0879166969804,34.709958346771145,166117.0
1741392861.2579052,0.0,0.0,2.0,0.0,0.0,2.0,357.0,94.0,8.0,2.0,2.0,1.0,24.1321484375,30.3525732487109,1009.0610132143978,34.93469842199507,167379.0
1741392862.2690165,0.0,0.0,2.0,0.0,0.0,2.0,357.0,94.0,8.0,2.0,2.0,1.0,24.09171875,30.326457910188658,1009.0396149016278,35.11345415015073,168177.0
1741392863.2815664,0.0,0.0,2.0,0.0,0.0,2.0,357.0,94.0,8.0,2.0,2.0,1.0,24.051875,30.317403836842225,1009.0172980023121,35.29988677224115,168338.0
1741392864.2947092,0.0,0.0,2.0,0.0,0.0,2.0,345.0,94.0,7.0,2.0,2.0,1.0,24.0141796875,30.29720134162389,1008.9910140435408,35.519464001101205,170125.0
1741392865.306446,1.0,1.0,3.0,1.0,1.0,3.0,345.0,94.0,7.0,2.0,2.0,1.0,23.9774609375,30.282753450556587,1008.9662640451684,35.726230698160265,171449.0
1741392866.3195453,1.0,1.0,3.0,1.0,1.0,3.0,345.0,94.0,7.0,2.0,2.0,1.0,23.9395703125,30.262545746623914,1008.9451739020942,35.90242543434307,172119.0
1741392867.3325224,1.0,1.0,2.0,1.0,1.0,2.0,327.0,90.0,7.0,2.0,2.0,1.0,23.903046875,30.27077919331793,1008.9133812675746,36.16803831807219,173645.0
1741392868.3455102,1.0,1.0,2.0,1.0,1.0,2.0,327.0,90.0,7.0,2.0,2.0,1.0,23.8657421875,30.256291045744586,1008.8821921304698,36.42861584308369,175898.0
1741392869.3586354,0.0,0.0,1.0,0.0,0.0,1.0,327.0,90.0,7.0,2.0,2.0,1.0,23.8274609375,30.23606201477311,1008.8641479183872,36.579373749721654,177136.0
1741392870.3714602,0.0,1.0,3.0,0.0,1.0,3.0,321.0,86.0,10.0,5.0,3.0,2.0,23.7895703125,30.232856572368714,1008.824688221268,36.909063878898884,177136.0
1741392871.3843687,0.0,1.0,3.0,0.0,1.0,3.0,321.0,86.0,10.0,5.0,3.0,2.0,23.7501171875,30.218198317584992,1008.7974500132268,37.13664820803711,178934.0
1741392872.3978212,1.0,2.0,4.0,1.0,2.0,4.0,321.0,86.0,10.0,5.0,3.0,2.0,23.7067578125,30.208874365777344,1008.7769051501438,37.30831069544094,178210.0
1741392873.4116945,1.0,2.0,4.0,1.0,2.0,4.0,315.0,84.0,11.0,5.0,3.0,2.0,23.6645703125,30.210971160138907,1008.7618699829637,37.43393874372379,180031.0
1741392874.424761,1.0,2.0,4.0,1.0,2.0,4.0,315.0,84.0,11.0,5.0,3.0,2.0,23.62296875,30.230097006404943,1008.7477513850624,37.551909673509726,179847.0
1741392875.437272,1.0,2.0,4.0,1.0,2.0,4.0,315.0,84.0,11.0,5.0,3.0,2.0,23.5815625,30.232260101641735,1008.744943849167,37.57536879262831,187537.0
1741392876.4504113,1.0,2.0,4.0,1.0,2.0,4.0,387.0,106.0,14.0,5.0,3.0,2.0,23.542890625,30.21767756528701,1008.7372607606953,37.63956716914703,188763.0
1741392877.4644144,1.0,2.0,4.0,1.0,2.0,4.0,387.0,106.0,14.0,5.0,3.0,2.0,23.5051953125,30.220155876360916,1008.7311097216707,37.690964327107736,189485.0
1741392878.4774454,1.0,2.0,4.0,1.0,2.0,4.0,387.0,106.0,14.0,5.0,3.0,2.0,23.46984375,30.234149143754433,1008.7304785632987,37.69623820599099,190422.0
1741392879.4908843,0.0,1.0,3.0,0.0,1.0,3.0,387.0,106.0,15.0,5.0,3.0,2.0,23.4360546875,30.24261583167739,1008.7249646391246,37.74231196702412,190947.0
1741392880.5040247,0.0,1.0,3.0,0.0,1.0,3.0,387.0,106.0,15.0,5.0,3.0,2.0,23.405,30.23999640879839,1008.7292558283343,37.706455231066656,190737.0
1741392881.5170908,0.0,1.0,3.0,0.0,1.0,3.0,387.0,106.0,15.0,5.0,3.0,2.0,23.3743359375,30.25438525732719,1008.7323232052865,37.68082462023316,192005.0
1741392882.5285175,2.0,2.0,4.0,2.0,2.0,4.0,417.0,110.0,16.0,5.0,3.0,2.0,23.348359375,30.274828949325105,1008.7299294827986,37.700826254817564,192218.0
1741392883.5414872,2.0,2.0,4.0,2.0,2.0,4.0,417.0,110.0,16.0,5.0,3.0,2.0,23.321796875,30.527460140919942,1008.7486200772671,37.54465109353306,194374.0
1741392884.5548027,2.0,2.0,4.0,2.0,2.0,4.0,417.0,110.0,16.0,5.0,3.0,2.0,23.29484375,30.366539642113167,1008.7446815264552,37.57756070309569,196134.0
1741392885.568042,1.0,2.0,3.0,1.0,2.0,3.0,354.0,91.0,13.0,4.0,2.0,2.0,23.2716015625,30.404213603350286,1008.7447516008561,37.57697517688249,196245.0
1741392886.5792441,1.0,2.0,3.0,1.0,2.0,3.0,354.0,91.0,13.0,4.0,2.0,2.0,23.25421875,30.465052440167767,1008.7448794845669,37.57590660892607,198721.0
1741392887.5905728,1.0,2.0,3.0,1.0,2.0,3.0,354.0,91.0,13.0,4.0,2.0,2.0,23.2329296875,30.531250496020753,1008.7388525065636,37.62626682114728,201611.0
1741392888.6016824,1.0,2.0,3.0,1.0,2.0,3.0,309.0,89.0,13.0,4.0,2.0,2.0,23.20578125,30.60831829512606,1008.7345965071689,37.661829240184076,198039.0
1741392889.6127813,0.0,1.0,2.0,0.0,1.0,2.0,309.0,89.0,13.0,4.0,2.0,2.0,23.1696484375,30.661962513392766,1008.7363547910167,37.64713729973194,203028.0
1741392890.6239288,0.0,1.0,2.0,0.0,1.0,2.0,309.0,89.0,13.0,4.0,2.0,2.0,23.127265625,30.715088256530432,1008.7465963787034,37.56156063249671,203147.0
1741392891.638105,0.0,1.0,2.0,0.0,1.0,2.0,321.0,93.0,10.0,3.0,1.0,1.0,23.078828125,30.756358543846368,1008.7436217167094,37.58641624326346,205924.0
1741392892.6516986,0.0,1.0,2.0,0.0,1.0,2.0,321.0,93.0,10.0,3.0,1.0,1.0,23.03234375,30.814833822644182,1008.741881220246,37.60095947022062,205314.0
1741392893.664804,0.0,1.0,2.0,0.0,1.0,2.0,321.0,93.0,10.0,3.0,1.0,1.0,22.9872265625,30.879121620369133,1008.749618613106,37.5363075780976,204225.0
1741392894.6772838,0.0,1.0,1.0,0.0,1.0,1.0,321.0,91.0,10.0,3.0,1.0,1.0,22.94328125,30.960576785555343,1008.7536933104311,37.5022604968935,207403.0
1741392895.690372,0.0,1.0,1.0,0.0,1.0,1.0,321.0,91.0,10.0,3.0,1.0,1.0,22.89953125,31.036398959302502,1008.752567713375,37.51166567375822,203386.0
1741392896.702902,1.0,2.0,2.0,1.0,2.0,2.0,321.0,91.0,10.0,3.0,1.0,1.0,22.854609375,31.117838432002923,1008.7459210499442,37.567203523461075,203984.0
1741392897.7155879,1.0,2.0,3.0,1.0,2.0,3.0,339.0,95.0,10.0,3.0,1.0,1.0,22.8137890625,31.18259492992966,1008.7457310000374,37.56879153709439,204828.0
1741392898.7279723,1.0,2.0,3.0,1.0,2.0,3.0,339.0,95.0,10.0,3.0,1.0,1.0,22.7790234375,31.25358749181017,1008.7459140276062,37.567262200509774,205924.0
1741392899.7404106,1.0,2.0,3.0,1.0,2.0,3.0,339.0,95.0,10.0,3.0,1.0,1.0,22.7438671875,31.33026924744096,1008.7546385454579,37.49436238169213,204950.0
1741392900.753192,2.0,2.0,3.0,2.0,2.0,3.0,420.0,120.0,10.0,1.0,1.0,0.0,22.71203125,31.418667935547575,1008.7612609679433,37.43902746989532,204950.0
1741392901.7660756,2.0,2.0,3.0,2.0,2.0,3.0,420.0,120.0,10.0,1.0,1.0,0.0,22.6813671875,31.501512310835786,1008.7605638570392,37.44485229891282,206537.0
1741392902.778109,2.0,2.0,3.0,2.0,2.0,3.0,420.0,120.0,10.0,1.0,1.0,0.0,22.6493359375,31.612803722405815,1008.7668685392049,37.392172570675676,207155.0
1741392903.7902439,2.0,3.0,3.0,2.0,3.0,3.0,471.0,137.0,12.0,1.0,1.0,0.0,22.618671875,31.707160783479893,1008.7624982850457,37.42868886390818,206661.0
1741392904.8031642,2.0,3.0,3.0,2.0,3.0,3.0,471.0,137.0,12.0,1.0,1.0,0.0,22.5909375,31.784689600918824,1008.7792321786296,37.28886707992152,207900.0
1741392905.8162026,2.0,3.0,3.0,2.0,3.0,3.0,471.0,137.0,12.0,1.0,1.0,0.0,22.5690625,31.86848120582586,1008.7850475553076,37.240276536472436,208150.0
1741392906.8292086,2.0,2.0,3.0,2.0,2.0,3.0,426.0,124.0,10.0,2.0,1.0,0.0,22.54953125,31.986835253369506,1008.7945559583313,37.16082929607257,208526.0
1741392907.842256,2.0,2.0,3.0,2.0,2.0,3.0,426.0,124.0,10.0,2.0,1.0,0.0,22.531953125,31.96813539767342,1008.7961502327604,37.147508432497354,208025.0
1741392908.8553042,2.0,2.0,3.0,2.0,2.0,3.0,426.0,124.0,10.0,2.0,1.0,0.0,22.5175,32.00690342219664,1008.7935112393409,37.16955839165734,209029.0
1741392909.8679695,2.0,3.0,3.0,2.0,3.0,3.0,462.0,132.0,14.0,2.0,1.0,0.0,22.50578125,32.05164210258217,1008.791519445533,37.18620074226284,209661.0
1741392910.8810632,2.0,3.0,3.0,2.0,3.0,3.0,462.0,132.0,14.0,2.0,1.0,0.0,22.4930859375,32.228007217292216,1008.8026417626935,37.093269022751585,209788.0
1741392911.8922415,2.0,3.0,3.0,2.0,3.0,3.0,462.0,132.0,14.0,2.0,1.0,0.0,22.4813671875,32.27280855757863,1008.8098075419898,37.033396309669605,211195.0
1741392912.903348,2.0,3.0,3.0,2.0,3.0,3.0,438.0,128.0,14.0,2.0,1.0,0.0,22.464375,32.185380536990365,1008.8013294449007,37.10423395632727,211452.0
1741392913.9174132,2.0,3.0,3.0,2.0,3.0,3.0,438.0,128.0,14.0,2.0,1.0,0.0,22.445625,32.20663565585205,1008.7992369110061,37.12171792754566,211323.0
1741392914.9285042,2.0,3.0,3.0,2.0,3.0,3.0,438.0,128.0,14.0,2.0,1.0,0.0,22.4266796875,32.239332146305706,1008.7858451194872,37.23361248421663,211452.0
1741392915.9395678,2.0,3.0,3.0,2.0,3.0,3.0,486.0,140.0,14.0,2.0,1.0,0.0,22.404609375,32.31187099566649,1008.7821768713668,37.26426258856084,210425.0
1741392916.9520488,2.0,3.0,3.0,2.0,3.0,3.0,486.0,140.0,14.0,2.0,1.0,0.0,22.3815625,32.38435477309859,1008.7806295848751,37.27719099201665,211970.0
1741392917.965128,2.0,3.0,3.0,2.0,3.0,3.0,486.0,140.0,14.0,2.0,1.0,0.0,22.3540234375,32.46794459435608,1008.7683324073249,37.379941036668995,211970.0
1741392918.9781456,2.0,3.0,4.0,2.0,3.0,4.0,513.0,151.0,23.0,3.0,2.0,0.0,22.3239453125,32.50543783182379,1008.7685104401289,37.37845346218921,211840.0
1741392919.990894,2.0,3.0,4.0,2.0,3.0,4.0,513.0,151.0,23.0,3.0,2.0,0.0,22.288203125,32.553913324614975,1008.757919550618,37.466947281704805,213800.0
1741392921.0039062,2.0,3.0,4.0,2.0,3.0,4.0,513.0,151.0,23.0,3.0,2.0,0.0,22.24875,32.56188714757224,1008.7469642555931,37.55848673955641,214861.0
1741392922.0168986,3.0,4.0,6.0,3.0,4.0,6.0,627.0,183.0,30.0,3.0,2.0,0.0,22.2091015625,32.58706365167673,1008.7375262842208,37.63734850017362,216742.0
1741392923.0282323,3.0,4.0,6.0,3.0,4.0,6.0,627.0,183.0,30.0,3.0,2.0,0.0,22.176875,32.59568016838997,1008.7489446056544,37.54193941486036,216067.0
1741392924.0410986,3.0,4.0,6.0,3.0,4.0,6.0,627.0,183.0,30.0,3.0,2.0,0.0,22.1466015625,32.6216925094312,1008.7579457701137,37.46672819971326,217695.0
1741392925.0538707,3.0,5.0,6.0,3.0,5.0,6.0,633.0,187.0,35.0,3.0,2.0,0.0,22.1216015625,32.65391846113211,1008.7569537473636,37.475017237983,218795.0
1741392926.0667715,3.0,5.0,6.0,3.0,5.0,6.0,633.0,187.0,35.0,3.0,2.0,0.0,22.1012890625,32.66359573609839,1008.7670155591175,37.39094412667324,219906.0
1741392927.0799015,3.0,5.0,6.0,3.0,5.0,6.0,633.0,187.0,35.0,3.0,2.0,0.0,22.0813671875,32.66756568097927,1008.7648766201521,37.408816323681656,219488.0
1741392928.0929818,3.0,5.0,6.0,3.0,5.0,6.0,633.0,185.0,34.0,3.0,2.0,0.0,22.063984375,32.67176157533058,1008.7575889333157,37.469709817948626,219906.0
1741392929.1060421,3.0,5.0,6.0,3.0,5.0,6.0,633.0,185.0,34.0,3.0,2.0,0.0,22.043671875,32.67569693754531,1008.7566613337098,37.47746055817289,221593.0
1741392930.119081,3.0,5.0,6.0,3.0,5.0,6.0,633.0,185.0,34.0,3.0,2.0,0.0,22.0235546875,32.66816591261081,1008.7578705966232,37.46735632614358,220605.0
1741392931.1319485,3.0,4.0,5.0,3.0,4.0,5.0,552.0,158.0,32.0,3.0,1.0,0.0,21.99953125,32.66028882197878,1008.7638971355462,37.417000551485074,220185.0
1741392932.1447916,3.0,4.0,5.0,3.0,4.0,5.0,552.0,158.0,32.0,3.0,1.0,0.0,21.9786328125,32.646950226517085,1008.7656997685782,37.40193839081747,222161.0
1741392933.1589055,3.0,4.0,5.0,3.0,4.0,5.0,552.0,158.0,32.0,3.0,1.0,0.0,21.9614453125,32.65690439179032,1008.7678649877483,37.383846618110255,222876.0
1741392934.1720579,3.0,4.0,4.0,3.0,4.0,4.0,525.0,145.0,32.0,3.0,1.0,0.0,21.9415234375,32.64939432781554,1008.7657140482391,37.40181907513513,222446.0
1741392935.185143,3.0,4.0,4.0,3.0,4.0,4.0,525.0,145.0,32.0,3.0,1.0,0.0,21.92453125,32.64788533931704,1008.7718449106948,37.35059193204527,223883.0
1741392936.198084,3.0,4.0,4.0,3.0,4.0,4.0,525.0,145.0,32.0,3.0,1.0,0.0,21.9122265625,32.65253271358083,1008.774390213459,37.329324429174775,222876.0
1741392937.2110279,3.0,5.0,5.0,3.0,5.0,5.0,561.0,155.0,40.0,7.0,1.0,0.0,21.902265625,32.657388266974536,1008.7733127410238,37.338327340313455,222304.0
1741392938.2241123,3.0,5.0,5.0,3.0,5.0,5.0,561.0,155.0,40.0,7.0,1.0,0.0,21.8925,32.67374214760579,1008.778033423552,37.2988833398972,223595.0
1741392939.2371576,3.0,5.0,5.0,3.0,5.0,5.0,561.0,155.0,40.0,7.0,1.0,0.0,21.8813671875,32.644053398756284,1008.780595977834,37.277471796938414,224028.0
1741392940.2503657,3.0,4.0,5.0,3.0,4.0,5.0,555.0,157.0,35.0,7.0,1.0,0.0,21.867890625,32.63711824675631,1008.7812892026245,37.27167953213073,224900.0
1741392941.2634687,3.0,4.0,5.0,3.0,4.0,5.0,555.0,157.0,35.0,7.0,1.0,0.0,21.8536328125,32.641592183937114,1008.7789186462676,37.29148681483863,224609.0
1741392942.2764113,3.0,4.0,5.0,3.0,4.0,5.0,555.0,157.0,35.0,7.0,1.0,0.0,21.8337109375,32.63982472159505,1008.782247985773,37.26366839017501,225193.0
1741392943.2877665,3.0,5.0,5.0,3.0,5.0,5.0,579.0,163.0,37.0,7.0,1.0,0.0,21.807734375,32.631782316720596,1008.7778494527411,37.30042051836261,225486.0
1741392944.3007424,3.0,5.0,5.0,3.0,5.0,5.0,579.0,163.0,37.0,7.0,1.0,0.0,21.781171875,32.64664196613534,1008.7743532835008,37.32963300040242,227409.0
1741392945.3136847,3.0,5.0,5.0,3.0,5.0,5.0,579.0,163.0,37.0,7.0,1.0,0.0,21.7575390625,32.661762142978915,1008.7681593685669,37.38138688300312,228459.0
1741392946.3268557,3.0,5.0,6.0,3.0,5.0,6.0,579.0,161.0,42.0,7.0,1.0,0.0,21.733125,32.688292834852135,1008.7607303155122,37.44346142646371,227858.0
1741392947.340883,3.0,5.0,6.0,3.0,5.0,6.0,579.0,161.0,42.0,7.0,1.0,0.0,21.7137890625,32.7037966507932,1008.757655296339,37.46915530892793,227111.0
1741392948.353747,3.0,5.0,6.0,3.0,5.0,6.0,579.0,161.0,42.0,7.0,1.0,0.0,21.693671875,32.71923201246261,1008.7533456400026,37.50516553367439,228760.0
1741392949.3667006,2.0,5.0,5.0,2.0,5.0,5.0,540.0,148.0,40.0,7.0,0.0,0.0,21.6770703125,32.723498729861426,1008.7490952453644,37.54068070706188,228760.0
1741392950.3792284,2.0,5.0,5.0,2.0,5.0,5.0,540.0,148.0,40.0,7.0,0.0,0.0,21.6579296875,32.74476297132559,1008.7499832056398,37.53326113584963,229822.0
1741392951.39233,2.0,5.0,5.0,2.0,5.0,5.0,540.0,148.0,40.0,7.0,0.0,0.0,21.6372265625,32.75440698228316,1008.7520617879775,37.51589304885276,229366.0
1741392952.406045,1.0,5.0,5.0,1.0,5.0,5.0,447.0,123.0,40.0,8.0,0.0,0.0,21.61359375,32.78101695073161,1008.7531721911568,37.506614823985004,230128.0
1741392953.4190507,1.0,5.0,5.0,1.0,5.0,5.0,447.0,123.0,40.0,8.0,0.0,0.0,21.5911328125,32.80773427924993,1008.7506422166014,37.52775461054591,229518.0
1741392954.432056,1.0,5.0,5.0,1.0,5.0,5.0,447.0,123.0,40.0,8.0,0.0,0.0,21.56671875,32.845769594429655,1008.7523435734214,37.51353852606704,230434.0
1741392955.4446075,2.0,5.0,5.0,2.0,5.0,5.0,483.0,129.0,36.0,8.0,0.0,0.0,21.5442578125,32.866749914365236,1008.7479799870413,37.5499995306967,230434.0
1741392956.4575744,2.0,5.0,5.0,2.0,5.0,5.0,483.0,129.0,36.0,8.0,0.0,0.0,21.526875,32.88818416435994,1008.7461444018244,37.56533724645449,231666.0
1741392957.4705827,2.0,5.0,5.0,2.0,5.0,5.0,483.0,129.0,36.0,8.0,0.0,0.0,21.50890625,32.926808673652374,1008.7470405472674,37.55784926434409,231048.0
1741392958.483926,2.0,5.0,5.0,2.0,5.0,5.0,534.0,146.0,37.0,8.0,0.0,0.0,21.493671875,32.94269305237694,1008.7467653819979,37.5601484805237,232443.0
1741392959.4965742,2.0,5.0,5.0,2.0,5.0,5.0,534.0,146.0,37.0,8.0,0.0,0.0,21.4798046875,32.96444863405802,1008.7486477904557,37.5444195289779,230894.0
1741392960.509561,2.0,5.0,5.0,2.0,5.0,5.0,534.0,146.0,37.0,8.0,0.0,0.0,21.4680859375,32.986398273367016,1008.7429479417999,37.59204616405975,230740.0
1741392961.5226107,2.0,5.0,5.0,2.0,5.0,5.0,528.0,148.0,36.0,7.0,0.0,0.0,21.4548046875,33.002461314993695,1008.7329518035135,37.67557214136487,232132.0
1741392962.5355997,2.0,5.0,5.0,2.0,5.0,5.0,528.0,148.0,36.0,7.0,0.0,0.0,21.4403515625,33.0069212115601,1008.7339068449114,37.66759195408234,231511.0
1741392963.547519,2.0,5.0,5.0,2.0,5.0,5.0,528.0,148.0,36.0,7.0,0.0,0.0,21.420234375,33.03387601706525,1008.7332327700585,37.67322442506457,232287.0
1741392964.5603576,2.0,5.0,5.0,2.0,5.0,5.0,522.0,152.0,38.0,7.0,0.0,0.0,21.40421875,33.04969824476891,1008.7353758199241,37.655317424071804,232132.0
1741392965.573479,2.0,5.0,5.0,2.0,5.0,5.0,522.0,152.0,38.0,7.0,0.0,0.0,21.387421875,33.07120332519926,1008.7381126872756,37.63244861864145,233697.0
1741392966.5864065,2.0,5.0,5.0,2.0,5.0,5.0,522.0,152.0,38.0,7.0,0.0,0.0,21.37453125,33.09305971097973,1008.7360445137612,37.649729925669625,232132.0
1741392967.5995553,2.0,4.0,4.0,2.0,4.0,4.0,480.0,138.0,29.0,2.0,0.0,0.0,21.3614453125,33.114901109511486,1008.7409817013081,37.60847567160791,234646.0
1741392968.612702,2.0,4.0,4.0,2.0,4.0,4.0,480.0,138.0,29.0,2.0,0.0,0.0,21.3489453125,33.13104357214487,1008.7395288990812,37.620615009596506,232912.0
1741392969.6268735,2.0,4.0,4.0,2.0,4.0,4.0,480.0,138.0,29.0,2.0,0.0,0.0,21.33625,33.1529241286581,1008.7414241057575,37.60477902731423,233068.0
1741392970.6416736,2.0,4.0,4.0,2.0,4.0,4.0,555.0,155.0,32.0,2.0,0.0,0.0,21.32453125,33.19216123756456,1008.7466891763747,37.56078523685486,234646.0
1741392971.652929,2.0,4.0,4.0,2.0,4.0,4.0,555.0,155.0,32.0,2.0,0.0,0.0,21.3175,33.214556560899055,1008.7483850460407,37.54661495658162,234013.0
1741392972.6637216,2.0,4.0,4.0,2.0,4.0,4.0,555.0,155.0,32.0,2.0,0.0,0.0,21.3102734375,33.23693734115014,1008.7552576111879,37.48918964766838,233539.0
1741392973.6748421,2.0,4.0,4.0,2.0,4.0,4.0,519.0,147.0,29.0,2.0,0.0,0.0,21.30421875,33.24790992072448,1008.7566666711297,37.477415960300284,234646.0
1741392974.6860182,2.0,4.0,4.0,2.0,4.0,4.0,519.0,147.0,29.0,2.0,0.0,0.0,21.29328125,33.241171599008425,1008.7521928318552,37.514798081668474,234646.0
1741392975.697162,2.0,4.0,4.0,2.0,4.0,4.0,519.0,147.0,29.0,2.0,0.0,0.0,21.2805859375,33.26306492851671,1008.7504277156957,37.529546924364716,235924.0
1741392976.709315,2.0,4.0,4.0,2.0,4.0,4.0,495.0,145.0,24.0,2.0,0.0,0.0,21.269453125,33.262066571311685,1008.7456445415413,37.56951396462738,236568.0
1741392977.7221665,2.0,4.0,4.0,2.0,4.0,4.0,495.0,145.0,24.0,2.0,0.0,0.0,21.2598828125,33.2727249169026,1008.7469852658949,37.55831118243109,236892.0
1741392978.7348182,2.0,4.0,4.0,2.0,4.0,4.0,495.0,145.0,24.0,2.0,0.0,0.0,21.2458203125,33.28298081302833,1008.744887505247,37.57583958990106,236246.0
1741392979.747325,2.0,3.0,3.0,2.0,3.0,3.0,489.0,141.0,18.0,1.0,0.0,0.0,21.23,33.29883850776429,1008.741840991629,37.60129561242987,237054.0
1741392980.7598526,2.0,3.0,3.0,2.0,3.0,3.0,489.0,141.0,18.0,1.0,0.0,0.0,21.222578125,33.315451036987135,1008.7447449753113,37.57703053846801,237216.0
1741392981.772516,2.0,3.0,3.0,2.0,3.0,3.0,489.0,141.0,18.0,1.0,0.0,0.0,21.21671875,33.33796592112135,1008.739147256445,37.623803944940065,236568.0
1741392982.7849193,2.0,2.0,2.0,2.0,2.0,2.0,450.0,128.0,12.0,0.0,0.0,0.0,21.206171875,33.342779497720635,1008.7371151719361,37.64078368401202,237216.0
1741392983.7967772,2.0,2.0,2.0,2.0,2.0,2.0,450.0,128.0,12.0,0.0,0.0,0.0,21.194453125,33.3590099909804,1008.7332317883661,37.673232627946085,237216.0
1741392984.8091054,2.0,2.0,2.0,2.0,2.0,2.0,450.0,128.0,12.0,0.0,0.0,0.0,21.1837109375,33.37532951616456,1008.7436870699609,37.58587016546278,237216.0
1741392985.8214018,2.0,2.0,2.0,2.0,2.0,2.0,420.0,122.0,11.0,0.0,0.0,0.0,21.1719921875,33.408850672016655,1008.7343183157883,37.664153765054365,238194.0
1741392986.8342698,2.0,2.0,2.0,2.0,2.0,2.0,420.0,122.0,11.0,0.0,0.0,0.0,21.16203125,33.42524474977149,1008.7368659055534,37.64286651176753,238522.0
1741392987.84742,2.0,2.0,2.0,2.0,2.0,2.0,420.0,122.0,11.0,0.0,0.0,0.0,21.1565625,33.44780873514935,1008.7355402421689,37.6539435379005,238687.0
1741392988.8605053,2.0,2.0,2.0,2.0,2.0,2.0,405.0,119.0,17.0,1.0,0.0,0.0,21.151484375,33.45888091346644,1008.7275194099421,37.72096454979376,238194.0
1741392989.8735862,2.0,2.0,2.0,2.0,2.0,2.0,405.0,119.0,17.0,1.0,0.0,0.0,21.151875,33.46468101249303,1008.7317924232452,37.68525976279846,238194.0
1741392990.8867183,2.0,2.0,2.0,2.0,2.0,2.0,405.0,119.0,17.0,1.0,0.0,0.0,21.1489453125,33.47594773543903,1008.7326490234045,37.67810212927609,238851.0
1741392991.8997126,2.0,3.0,3.0,2.0,3.0,3.0,417.0,123.0,18.0,1.0,0.0,0.0,21.144453125,33.47554321013382,1008.7365215770966,37.64574366282931,239346.0
1741392992.9127984,2.0,3.0,3.0,2.0,3.0,3.0,417.0,123.0,18.0,1.0,0.0,0.0,21.133125,33.480288569387355,1008.7369082766206,37.6425124662648,239181.0
1741392993.9264934,2.0,3.0,3.0,2.0,3.0,3.0,417.0,123.0,18.0,1.0,0.0,0.0,21.12296875,33.5082037030296,1008.7318337121853,37.68491475795979,240342.0
1741392994.9396548,2.0,3.0,3.0,2.0,3.0,3.0,435.0,125.0,18.0,2.0,0.0,0.0,21.111640625,33.51871621890917,1008.7249077993791,37.74278691492429,240175.0
1741392995.9531145,2.0,3.0,3.0,2.0,3.0,3.0,435.0,125.0,18.0,2.0,0.0,0.0,21.105390625,33.5239198401374,1008.7205191924704,37.77945779258668,239843.0
1741392996.9672053,2.0,3.0,3.0,2.0,3.0,3.0,435.0,125.0,18.0,2.0,0.0,0.0,21.1028515625,33.54676053113904,1008.7256479439918,37.73660233352144,239843.0
1741392997.9804626,2.0,3.0,3.0,2.0,3.0,3.0,453.0,133.0,19.0,2.0,0.0,0.0,21.09875,33.557926706168104,1008.7301363752341,37.69909748695068,240342.0
1741392998.9936516,2.0,3.0,3.0,2.0,3.0,3.0,453.0,133.0,19.0,2.0,0.0,0.0,21.0958203125,33.551894378810736,1008.7328200728147,37.67667286444125,240342.0
1741393000.006703,2.0,3.0,3.0,2.0,3.0,3.0,453.0,133.0,19.0,2.0,0.0,0.0,21.09171875,33.55152450868466,1008.735480438647,37.654443246611834,240342.0
1741393001.0196505,1.0,3.0,3.0,1.0,3.0,3.0,354.0,104.0,19.0,3.0,0.0,0.0,21.0844921875,33.55664081508767,1008.7313765296091,37.68873491479199,241011.0
1741393002.0327063,1.0,3.0,3.0,1.0,3.0,3.0,354.0,104.0,19.0,3.0,0.0,0.0,21.0762890625,33.5559010778807,1008.7220742713992,37.76646365226136,241852.0
1741393003.0466406,1.0,3.0,3.0,1.0,3.0,3.0,354.0,104.0,19.0,3.0,0.0,0.0,21.0610546875,33.56606342365159,1008.7199427424698,37.784274576136134,242529.0
1741393004.0593104,0.0,2.0,2.0,0.0,2.0,2.0,360.0,104.0,20.0,3.0,0.0,0.0,21.0380078125,33.57552151416122,1008.7219182336536,37.767767492976375,243039.0
1741393005.073314,0.0,2.0,2.0,0.0,2.0,2.0,360.0,104.0,20.0,3.0,0.0,0.0,21.0216015625,33.59711648877103,1008.7142777008607,37.831611461505304,242529.0
1741393006.0863805,0.0,2.0,2.0,0.0,2.0,2.0,360.0,104.0,20.0,3.0,0.0,0.0,21.0114453125,33.63658840045066,1008.7128545530508,37.843503267613166,243209.0
1741393007.0986872,0.0,2.0,2.0,0.0,2.0,2.0,360.0,100.0,25.0,3.0,0.0,0.0,21.0016796875,33.629936302686346,1008.7175308448383,37.804428280296804,242190.0
1741393008.1116326,1.0,3.0,3.0,1.0,3.0,3.0,360.0,100.0,25.0,3.0,0.0,0.0,20.9930859375,33.64070110877387,1008.7167476455928,37.81097266506804,244410.0
1741393009.1247513,1.0,3.0,3.0,1.0,3.0,3.0,360.0,100.0,25.0,3.0,0.0,0.0,20.9848828125,33.64573097203418,1008.7202363268896,37.78182140107912,243039.0
1741393010.137856,1.0,3.0,3.0,1.0,3.0,3.0,360.0,102.0,27.0,3.0,0.0,0.0,20.9784375,33.656690571879146,1008.7155365399278,37.821092628618324,244066.0
1741393011.1490803,1.0,3.0,3.0,1.0,3.0,3.0,360.0,102.0,27.0,3.0,0.0,0.0,20.9692578125,33.667403777374744,1008.7211368031925,37.77429707485241,245102.0
1741393012.160236,1.0,3.0,3.0,1.0,3.0,3.0,360.0,102.0,27.0,3.0,0.0,0.0,20.9567578125,33.67781751441311,1008.71783595829,37.80187876436243,244066.0
1741393013.1714466,2.0,3.0,3.0,2.0,3.0,3.0,378.0,104.0,31.0,3.0,0.0,0.0,20.9415234375,33.69375662980806,1008.7138693921588,37.83502328275455,245797.0
1741393017.5738828,2.0,3.0,3.0,2.0,3.0,3.0,378.0,104.0,31.0,3.0,0.0,0.0,20.9301953125,33.704277401486024,1008.7215556577596,37.77079715294764,246146.0
1741393018.586824,2.0,3.0,3.0,2.0,3.0,3.0,378.0,104.0,31.0,3.0,0.0,0.0,20.7950390625,33.923081553945046,1008.7327447632796,37.67730214030577,214994.0
1741393019.5999763,1.0,3.0,3.0,1.0,3.0,3.0,366.0,98.0,32.0,3.0,0.0,0.0,20.739765625,34.010561622689984,1008.73126356796,37.68967880753163,222161.0
1741393020.6130958,1.0,3.0,3.0,1.0,3.0,3.0,366.0,98.0,32.0,3.0,0.0,0.0,20.7083203125,34.059754008734544,1008.7381996376877,37.631722076379326,229518.0
1741393021.6267674,1.0,3.0,3.0,1.0,3.0,3.0,366.0,98.0,32.0,3.0,0.0,0.0,20.6872265625,34.086758463444696,1008.7450506695445,37.57447622534824,233382.0
1741393022.6408577,1.0,2.0,2.0,1.0,2.0,2.0,342.0,88.0,26.0,2.0,0.0,0.0,20.6684765625,34.113979841524404,1008.7446437037889,37.57787674095531,237216.0
1741393023.6541893,1.0,2.0,2.0,1.0,2.0,2.0,342.0,88.0,26.0,2.0,0.0,0.0,20.653046875,34.12993363285756,1008.7421766151732,37.598491210131705,239181.0
1741393024.6669035,1.0,2.0,2.0,1.0,2.0,2.0,342.0,88.0,26.0,2.0,0.0,0.0,20.63,34.1509816260205,1008.7477612359456,37.55182736190815,242190.0
1741393025.6796796,1.0,3.0,3.0,1.0,3.0,3.0,366.0,96.0,34.0,3.0,0.0,0.0,20.6094921875,34.154900089573914,1008.7409180969679,37.60900713702925,243209.0
1741393026.6927366,1.0,3.0,3.0,1.0,3.0,3.0,366.0,96.0,34.0,3.0,0.0,0.0,20.601484375,34.18889751195702,1008.7446990916959,37.57741393182401,243551.0
1741393027.7100325,1.0,3.0,3.0,1.0,3.0,3.0,366.0,96.0,34.0,3.0,0.0,0.0,20.5985546875,34.2117861496918,1008.7437212734685,37.58558436827744,244755.0
1741393028.7227209,1.0,2.0,2.0,1.0,2.0,2.0,324.0,86.0,29.0,2.0,0.0,0.0,20.5809765625,34.22176130918795,1008.7451593282207,37.573568297730766,245797.0
1741393029.7351656,1.0,2.0,2.0,1.0,2.0,2.0,324.0,86.0,29.0,2.0,0.0,0.0,20.5657421875,34.24353093057779,1008.7484743310832,37.545868912710674,246321.0
1741393030.74755,1.0,2.0,2.0,1.0,2.0,2.0,324.0,86.0,29.0,2.0,0.0,0.0,20.5565625,34.265855800262585,1008.7430957108322,37.59081143698604,245797.0
1741393031.7586875,1.0,2.0,2.0,1.0,2.0,2.0,306.0,80.0,29.0,3.0,0.0,0.0,20.5446484375,34.28793364261218,1008.7480049447992,37.54979098972959,246496.0
1741393032.7697892,1.0,2.0,2.0,1.0,2.0,2.0,306.0,80.0,29.0,3.0,0.0,0.0,20.5284375,34.31541405772269,1008.7442947686568,37.58079236643143,247023.0
1741393033.7809224,1.0,2.0,2.0,1.0,2.0,2.0,306.0,80.0,29.0,3.0,0.0,0.0,20.5176953125,34.34919249763988,1008.7419236867761,37.60060462847382,247553.0
1741393034.7920227,1.0,2.0,2.0,1.0,2.0,2.0,312.0,80.0,27.0,2.0,0.0,0.0,20.5091015625,34.35420049868761,1008.7447746053732,37.576782956224356,247023.0
1741393035.80313,1.0,2.0,2.0,1.0,2.0,2.0,312.0,80.0,27.0,2.0,0.0,0.0,20.5003125,34.382369755763925,1008.7400116993539,37.616580821140964,249155.0
1741393036.8160424,1.0,2.0,2.0,1.0,2.0,2.0,312.0,80.0,27.0,2.0,0.0,0.0,20.4891796875,34.392941400343126,1008.7406742050182,37.611045050708,248084.0
1741393037.8283796,1.0,2.0,2.0,1.0,2.0,2.0,330.0,86.0,29.0,3.0,0.0,0.0,20.4753125,34.409059080346985,1008.7333612907908,37.6721505243719,249155.0
1741393038.8414173,1.0,2.0,2.0,1.0,2.0,2.0,330.0,86.0,29.0,3.0,0.0,0.0,20.4723828125,34.43777365299456,1008.7269038098359,37.72610844058763,250777.0
1741393039.8557415,1.0,2.0,2.0,1.0,2.0,2.0,330.0,86.0,29.0,3.0,0.0,0.0,20.4721875,34.455148186357434,1008.7247689651248,37.74394700180219,248084.0
1741393040.868862,1.0,2.0,2.0,1.0,2.0,2.0,342.0,92.0,27.0,3.0,0.0,0.0,20.4712109375,34.46665473285323,1008.721399090835,37.772105415992954,250234.0
1741393041.8819997,1.0,2.0,2.0,1.0,2.0,2.0,342.0,92.0,27.0,3.0,0.0,0.0,20.4630078125,34.45430673322815,1008.721213701308,37.77365451903839,248797.0
1741393042.8951027,1.0,2.0,2.0,1.0,2.0,2.0,342.0,92.0,27.0,3.0,0.0,0.0,20.4512890625,34.47062634694774,1008.7172962948918,37.80638817079688,250054.0
1741393043.9082022,1.0,2.0,2.0,1.0,2.0,2.0,342.0,92.0,25.0,3.0,0.0,0.0,20.44171875,34.49294321122749,1008.7167748637563,37.81074523100103,249513.0
1741393044.9212468,1.0,2.0,2.0,1.0,2.0,2.0,342.0,92.0,25.0,3.0,0.0,0.0,20.435859375,34.50980364538587,1008.7148157688966,37.82711537496422,248618.0
1741393045.9347973,1.0,2.0,2.0,1.0,2.0,2.0,342.0,92.0,25.0,3.0,0.0,0.0,20.4348828125,34.53291434834097,1008.7132719220234,37.84001573605071,248797.0
1741393046.9478507,1.0,2.0,2.0,1.0,2.0,2.0,354.0,100.0,20.0,3.0,0.0,0.0,20.4341015625,34.53864326005076,1008.7156887994634,37.81982035184827,248262.0
1741393047.961001,1.0,2.0,2.0,1.0,2.0,2.0,354.0,100.0,20.0,3.0,0.0,0.0,20.431953125,34.53844599167279,1008.7141182976287,37.83294343233226,248084.0
1741393048.9734836,1.0,2.0,2.0,1.0,2.0,2.0,354.0,100.0,20.0,3.0,0.0,0.0,20.4284375,34.55552626070455,1008.7122123497942,37.84886951480561,248618.0
1741393049.986562,1.0,2.0,2.0,1.0,2.0,2.0,366.0,106.0,20.0,3.0,0.0,0.0,20.4262890625,34.5669320481516,1008.7197715953203,37.78570467245384,247907.0
1741393050.9996595,1.0,2.0,2.0,1.0,2.0,2.0,366.0,106.0,20.0,3.0,0.0,0.0,20.4262890625,34.57853608369663,1008.7142937294641,37.831477526764985,248262.0
1741393052.01291,1.0,2.0,2.0,1.0,2.0,2.0,366.0,106.0,20.0,3.0,0.0,0.0,20.422578125,34.57819505124205,1008.7157308242171,37.81946919411022,247907.0
1741393053.0259595,1.0,2.0,2.0,1.0,2.0,2.0,354.0,100.0,19.0,3.0,0.0,0.0,20.418671875,34.59524355645271,1008.7150331307068,37.82529910425113,248262.0
1741393054.038587,1.0,2.0,2.0,1.0,2.0,2.0,354.0,100.0,19.0,3.0,0.0,0.0,20.4126171875,34.60048982868574,1008.7145906589524,37.82899638925098,249155.0
1741393055.0517719,1.0,2.0,2.0,1.0,2.0,2.0,354.0,100.0,19.0,3.0,0.0,0.0,20.408515625,34.61171906613163,1008.7117581254481,37.85266501283212,249693.0
1741393056.0649107,1.0,2.0,2.0,1.0,2.0,2.0,411.0,117.0,13.0,2.0,0.0,0.0,20.4059765625,34.623092743956065,1008.7077439981695,37.886207115157184,249693.0
1741393057.0779667,1.0,2.0,2.0,1.0,2.0,2.0,411.0,117.0,13.0,2.0,0.0,0.0,20.40421875,34.64034344583146,1008.7067908811422,37.8941713899213,249513.0
1741393058.090066,1.0,2.0,2.0,1.0,2.0,2.0,411.0,117.0,13.0,2.0,0.0,0.0,20.4032421875,34.646058157058064,1008.7070728744296,37.89181504482752,252054.0
1741393059.1031141,2.0,3.0,3.0,2.0,3.0,3.0,441.0,121.0,13.0,2.0,0.0,0.0,20.4075390625,34.67548015110096,1008.702910623322,37.926595004759655,250234.0
1741393060.1237972,2.0,3.0,3.0,2.0,3.0,3.0,441.0,121.0,13.0,2.0,0.0,0.0,20.4126171875,34.670142015820076,1008.7036351619458,37.92054071864871,248797.0
1741393061.1368952,2.0,3.0,3.0,2.0,3.0,3.0,441.0,121.0,13.0,2.0,0.0,0.0,20.417109375,34.670555709580064,1008.7016073488445,37.937485249572994,250234.0
1741393062.149674,2.0,2.0,2.0,2.0,2.0,2.0,447.0,121.0,12.0,1.0,0.0,0.0,20.422578125,34.659448138394175,1008.6992973251945,37.95678798279832,250596.0
1741393063.1627824,2.0,2.0,2.0,2.0,2.0,2.0,447.0,121.0,12.0,1.0,0.0,0.0,20.4284375,34.64257230016767,1008.7049085058148,37.909900593104545,249155.0
1741393064.1759076,2.0,2.0,2.0,2.0,2.0,2.0,447.0,121.0,12.0,1.0,0.0,0.0,20.435859375,34.63164616991555,1008.7038598764666,37.918662991998296,252054.0
1741393065.1889987,2.0,3.0,3.0,2.0,3.0,3.0,441.0,125.0,12.0,1.0,0.0,0.0,20.4411328125,34.608915364173534,1008.7103705690332,37.864259440949674,250415.0
1741393066.2020798,2.0,3.0,3.0,2.0,3.0,3.0,441.0,125.0,12.0,1.0,0.0,0.0,20.4458203125,34.603543012197875,1008.7177809583002,37.80233834205733,250959.0
1741393067.2150683,2.0,3.0,3.0,2.0,3.0,3.0,441.0,125.0,12.0,1.0,0.0,0.0,20.451484375,34.604063961074694,1008.7084749263855,37.88009946095744,251323.0
1741393068.228075,2.0,3.0,3.0,2.0,3.0,3.0,441.0,123.0,12.0,1.0,0.0,0.0,20.4563671875,34.58710349643574,1008.7070637647395,37.89189116568738,250959.0
1741393069.2400146,2.0,3.0,3.0,2.0,3.0,3.0,441.0,123.0,12.0,1.0,0.0,0.0,20.45890625,34.57573163620468,1008.7129036810101,37.84309275474548,251141.0
1741393070.2531168,2.0,3.0,3.0,2.0,3.0,3.0,441.0,123.0,12.0,1.0,0.0,0.0,20.458515625,34.56409133397829,1008.7122861613904,37.848252745335195,251141.0
1741393071.26625,2.0,2.0,2.0,2.0,2.0,2.0,417.0,115.0,14.0,1.0,0.0,0.0,20.4575390625,34.56980366393671,1008.7089163191281,37.87641117405457,251141.0
1741393072.2793171,2.0,2.0,2.0,2.0,2.0,2.0,417.0,115.0,14.0,1.0,0.0,0.0,20.4524609375,34.56353495168914,1008.706366675213,37.89771606947904,250415.0
1741393073.2926764,2.0,2.0,2.0,2.0,2.0,2.0,417.0,115.0,14.0,1.0,0.0,0.0,20.4471875,34.56305039093739,1008.707160223329,37.89108515469336,252605.0
1741393074.3056426,2.0,3.0,3.0,2.0,3.0,3.0,456.0,127.0,22.0,1.0,0.0,0.0,20.4425,34.57422368422109,1008.7143579324799,37.8309410474594,253344.0
1741393075.3183901,2.0,3.0,3.0,2.0,3.0,3.0,456.0,127.0,22.0,1.0,0.0,0.0,20.43703125,34.608538113292504,1008.7148424001123,37.82689284506874,252790.0
1741393076.3314054,2.0,3.0,3.0,2.0,3.0,3.0,456.0,127.0,22.0,1.0,0.0,0.0,20.4364453125,34.63170009079245,1008.7066121581788,37.89566480509759,254647.0
1741393077.3443496,2.0,3.0,3.0,2.0,3.0,3.0,438.0,111.0,22.0,1.0,0.0,0.0,20.4364453125,34.64330939113809,1008.70843814183,37.88040683352486,253901.0
1741393078.3573837,2.0,3.0,3.0,2.0,3.0,3.0,438.0,111.0,22.0,1.0,0.0,0.0,20.43703125,34.66077900717583,1008.7130164145113,37.84215075449619,254087.0
1741393079.3704245,2.0,3.0,3.0,2.0,3.0,3.0,438.0,111.0,22.0,1.0,0.0,0.0,20.44015625,34.690097674038086,1008.7161307169465,37.81612770158102,254087.0
1741393080.3837953,2.0,2.0,2.0,2.0,2.0,2.0,432.0,109.0,21.0,1.0,0.0,0.0,20.437421875,34.68403909283022,1008.7154599381008,37.821732711574896,253715.0
1741393081.3968596,2.0,2.0,2.0,2.0,2.0,2.0,432.0,109.0,21.0,1.0,0.0,0.0,20.4266796875,34.6946625167019,1008.7076074509695,37.88734810732108,254647.0
1741393082.4099407,2.0,2.0,2.0,2.0,2.0,2.0,432.0,109.0,21.0,1.0,0.0,0.0,20.4200390625,34.69985740922166,1008.7007611297786,37.944556316262286,255210.0
1741393083.4230258,2.0,3.0,3.0,2.0,3.0,3.0,438.0,117.0,21.0,1.0,0.0,0.0,20.41671875,34.72278085411675,1008.6991638762171,37.957903093695336,255398.0
1741393084.4360685,2.0,3.0,3.0,2.0,3.0,3.0,438.0,117.0,21.0,1.0,0.0,0.0,20.40578125,34.71596483253167,1008.7056093226154,37.9040445372385,255586.0
1741393085.4491184,2.0,3.0,3.0,2.0,3.0,3.0,438.0,117.0,21.0,1.0,0.0,0.0,20.38546875,34.731515164001124,1008.7027098976637,37.92827228044715,257294.0
1741393086.462075,1.0,3.0,3.0,1.0,3.0,3.0,369.0,94.0,23.0,4.0,0.0,0.0,20.3649609375,34.741240227587205,1008.7031515874479,37.92458149437585,256153.0
1741393087.4751394,1.0,3.0,3.0,1.0,3.0,3.0,369.0,94.0,23.0,4.0,0.0,0.0,20.343671875,34.76251052788322,1008.7005304495634,37.94648389737918,258445.0
1741393088.488586,1.0,3.0,3.0,1.0,3.0,3.0,369.0,94.0,23.0,4.0,0.0,0.0,20.320625,34.78943005022115,1008.6914768822571,38.02213646418764,258638.0
1741393089.5004385,1.0,3.0,3.0,1.0,3.0,3.0,351.0,92.0,26.0,4.0,0.0,0.0,20.299140625,34.810686823381175,1008.6885432939664,38.04664995642852,259801.0
1741393090.5131118,1.0,3.0,3.0,1.0,3.0,3.0,351.0,92.0,26.0,4.0,0.0,0.0,20.27921875,34.84371198494367,1008.6880784237105,38.05053448548351,260192.0
1741393091.5242565,1.0,3.0,3.0,1.0,3.0,3.0,351.0,92.0,26.0,4.0,0.0,0.0,20.2596875,34.87096651039557,1008.6845785116941,38.079780347929464,261172.0
1741393092.5354183,1.0,3.0,3.0,1.0,3.0,3.0,387.0,102.0,31.0,4.0,0.0,0.0,20.2419140625,34.89838715526334,1008.685682063522,38.0705588715446,259412.0
1741393093.5465221,1.0,3.0,3.0,1.0,3.0,3.0,387.0,102.0,31.0,4.0,0.0,0.0,20.22453125,34.92003377696442,1008.691052598818,38.02568183500641,262557.0
1741393094.5575967,1.0,3.0,3.0,1.0,3.0,3.0,387.0,102.0,31.0,4.0,0.0,0.0,20.201484375,34.94697317527829,1008.7057179430366,37.9031369005379,261764.0
1741393095.568685,1.0,3.0,3.0,1.0,3.0,3.0,417.0,110.0,31.0,5.0,0.0,0.0,20.18078125,34.98576437231298,1008.698532712132,37.96317715555945,262160.0
1741393096.5819347,1.0,3.0,3.0,1.0,3.0,3.0,417.0,110.0,31.0,5.0,0.0,0.0,20.1602734375,35.00131411460231,1008.6971305065161,37.97489411692661,263155.0
1741393097.5952482,1.0,3.0,3.0,1.0,3.0,3.0,417.0,110.0,31.0,5.0,0.0,0.0,20.1391796875,35.03426205430504,1008.70575072472,37.90286297546321,262160.0
1741393098.6073434,1.0,3.0,3.0,1.0,3.0,3.0,405.0,108.0,31.0,5.0,0.0,0.0,20.1133984375,35.066780900815935,1008.7051298992835,37.90805061923049,263957.0
1741393099.6219323,1.0,3.0,3.0,1.0,3.0,3.0,405.0,108.0,31.0,5.0,0.0,0.0,20.089765625,35.08786520767937,1008.7097290895294,37.86961965115178,263355.0
1741393100.6410913,1.0,3.0,3.0,1.0,3.0,3.0,405.0,108.0,31.0,5.0,0.0,0.0,20.0657421875,35.12055514446687,1008.7082328309187,37.882122416252294,263756.0
1741393101.6518443,1.0,3.0,3.0,1.0,3.0,3.0,447.0,120.0,27.0,5.0,0.0,0.0,20.0372265625,35.13537052859647,1008.7069283530672,37.89302266997449,263556.0
1741393102.6629567,1.0,3.0,3.0,1.0,3.0,3.0,447.0,120.0,27.0,5.0,0.0,0.0,20.01046875,35.17945717071827,1008.7084007706383,37.88071910804908,264966.0
1741393103.6740959,1.0,3.0,3.0,1.0,3.0,3.0,447.0,120.0,27.0,5.0,0.0,0.0,19.985078125,35.21203416002186,1008.708383080597,37.88086692643449,262756.0
1741393104.6852148,1.0,3.0,3.0,1.0,3.0,3.0,408.0,106.0,19.0,5.0,0.0,0.0,19.9645703125,35.245070106926384,1008.7014891875378,37.938472613567654,263355.0
1741393105.6963675,1.0,3.0,3.0,1.0,3.0,3.0,408.0,106.0,19.0,5.0,0.0,0.0,19.9462109375,35.28996258403759,1008.7034661489356,37.92195300070009,262756.0
1741393106.7086058,1.0,3.0,3.0,1.0,3.0,3.0,408.0,106.0,19.0,5.0,0.0,0.0,19.926484375,35.305604968503005,1008.7051032840836,37.908273017034645,264966.0
1741393107.721008,1.0,3.0,4.0,1.0,3.0,4.0,396.0,112.0,20.0,6.0,1.0,0.0,19.9065625,35.35619423387982,1008.7027806512006,37.92768105960125,263957.0
1741393108.7340713,1.0,3.0,4.0,1.0,3.0,4.0,396.0,112.0,20.0,6.0,1.0,0.0,19.87921875,35.38278868021101,1008.6978372239718,37.968988718073305,264158.0
1741393109.7459004,1.0,3.0,4.0,1.0,3.0,4.0,396.0,112.0,20.0,6.0,1.0,0.0,19.8559765625,35.41559833331215,1008.7012040272504,37.94085543289477,264966.0
1741393110.758277,1.0,3.0,4.0,1.0,3.0,4.0,426.0,122.0,23.0,6.0,1.0,0.0,19.8344921875,35.45440835825613,1008.7000520879791,37.950481123656616,264562.0
1741393111.7708192,1.0,3.0,4.0,1.0,3.0,4.0,426.0,122.0,23.0,6.0,1.0,0.0,19.814375,35.48752145727133,1008.7047096629381,37.91156213348635,265575.0
1741393112.7831023,1.0,3.0,4.0,1.0,3.0,4.0,426.0,122.0,23.0,6.0,1.0,0.0,19.7909375,35.53199727986885,1008.7004635404556,37.947042994948,264764.0
1741393113.7954924,1.0,3.0,4.0,1.0,3.0,4.0,414.0,116.0,24.0,6.0,1.0,0.0,19.7669140625,35.56475843633439,1008.6952882115278,37.990288526330616,267008.0
1741393114.8081226,1.0,3.0,4.0,1.0,3.0,4.0,414.0,116.0,24.0,6.0,1.0,0.0,19.743671875,35.59176196465921,1008.7004669259481,37.94701470551835,266392.0
1741393115.821215,1.0,3.0,4.0,1.0,3.0,4.0,414.0,116.0,24.0,6.0,1.0,0.0,19.717890625,35.63020494436825,1008.6998013299885,37.952576477374585,266597.0
1741393116.834275,1.0,2.0,3.0,1.0,2.0,3.0,390.0,110.0,19.0,3.0,1.0,0.0,19.692890625,35.66872842895633,1008.6967212966268,37.97831351554918,266597.0
1741393117.8472736,1.0,2.0,3.0,1.0,2.0,3.0,390.0,110.0,19.0,3.0,1.0,0.0,19.6665234375,35.701291749701866,1008.6969466910243,37.97643009736176,266802.0
1741393118.8593543,1.0,2.0,3.0,1.0,2.0,3.0,390.0,110.0,19.0,3.0,1.0,0.0,19.6469921875,35.74034149420966,1008.6861016268763,38.06705292728637,267213.0
1741393119.8722963,1.0,2.0,3.0,1.0,2.0,3.0,402.0,112.0,19.0,3.0,1.0,0.0,19.6317578125,35.773960545150906,1008.685702518776,38.07038794386605,267008.0
1741393120.8876736,1.0,2.0,3.0,1.0,2.0,3.0,402.0,112.0,19.0,3.0,1.0,0.0,19.61671875,35.81344728982914,1008.6837878175263,38.08638753478932,268248.0
1741393121.900846,1.0,2.0,3.0,1.0,2.0,3.0,402.0,112.0,19.0,3.0,1.0,0.0,19.6034375,35.8531079773131,1008.6864775785887,38.06391141048366,267008.0
1741393122.9138088,2.0,3.0,4.0,2.0,3.0,4.0,471.0,133.0,19.0,4.0,1.0,0.0,19.5942578125,35.875625773200575,1008.6847157813903,38.07863329736126,269081.0
1741393123.9268708,2.0,3.0,4.0,2.0,3.0,4.0,471.0,133.0,19.0,4.0,1.0,0.0,19.584296875,35.89807291382009,1008.6817172965565,38.10368921123074,268040.0
1741393124.9399662,2.0,3.0,4.0,2.0,3.0,4.0,471.0,133.0,19.0,4.0,1.0,0.0,19.5809765625,35.93284244908435,1008.6801098716911,38.1171211862681,267213.0
1741393125.9529424,2.0,3.0,4.0,2.0,3.0,4.0,480.0,133.0,19.0,4.0,1.0,0.0,19.5708203125,35.949430227996146,1008.6768018375079,38.14476385946151,267626.0
1741393126.9659643,2.0,3.0,4.0,2.0,3.0,4.0,480.0,133.0,19.0,4.0,1.0,0.0,19.558515625,35.983364320687144,1008.6773873539437,38.13987114788122,268040.0
1741393127.9790277,2.0,3.0,4.0,2.0,3.0,4.0,480.0,133.0,19.0,4.0,1.0,0.0,19.545234375,36.00551209427715,1008.6709562849896,38.19361078262637,268040.0
1741393128.992674,2.0,2.0,3.0,2.0,2.0,3.0,468.0,129.0,16.0,3.0,1.0,0.0,19.529609375,36.02744141850877,1008.6662856645605,38.23263983924165,267626.0
1741393130.0045936,2.0,2.0,3.0,2.0,2.0,3.0,468.0,129.0,16.0,3.0,1.0,0.0,19.5188671875,36.055685354888546,1008.6638718441844,38.25281047854451,268455.0
1741393131.017548,2.0,2.0,3.0,2.0,2.0,3.0,468.0,129.0,16.0,3.0,1.0,0.0,19.5087109375,36.10154878750531,1008.6678549898563,38.21952608637178,269081.0
1741393132.0305576,2.0,2.0,3.0,2.0,2.0,3.0,456.0,129.0,18.0,3.0,1.0,0.0,19.4993359375,36.14164354255495,1008.6676040581566,38.221622945804846,270551.0
1741393133.043536,2.0,2.0,3.0,2.0,2.0,3.0,456.0,129.0,18.0,3.0,1.0,0.0,19.493671875,36.15281879216004,1008.6732260818588,38.174643755633625,269919.0
1741393134.05652,2.0,2.0,3.0,2.0,2.0,3.0,456.0,129.0,18.0,3.0,1.0,0.0,19.48703125,36.17561448298786,1008.6663624828661,38.23199792205194,269919.0
1741393135.0695732,2.0,2.0,3.0,2.0,2.0,3.0,474.0,131.0,17.0,3.0,1.0,0.0,19.480390625,36.198413204351624,1008.6704384617017,38.19793785673682,269919.0
1741393136.0827112,2.0,2.0,3.0,2.0,2.0,3.0,474.0,131.0,17.0,3.0,1.0,0.0,19.47296875,36.221141021005025,1008.6696311329355,38.204684121999406,269290.0
1741393137.0958045,2.0,2.0,3.0,2.0,2.0,3.0,474.0,131.0,17.0,3.0,1.0,0.0,19.4657421875,36.22631509393525,1008.6673094802198,38.2240845266371,269709.0
1741393138.1088035,2.0,2.0,3.0,2.0,2.0,3.0,480.0,133.0,17.0,2.0,0.0,0.0,19.4594921875,36.243298571528065,1008.6701797452579,38.20009976331884,271399.0
1741393139.1214542,2.0,2.0,3.0,2.0,2.0,3.0,480.0,133.0,17.0,2.0,0.0,0.0,19.455,36.2721691852367,1008.6703624314522,38.198573186605714,270130.0
1741393140.134486,2.0,2.0,3.0,2.0,2.0,3.0,480.0,133.0,17.0,2.0,0.0,0.0,19.4524609375,36.29536934947733,1008.6681668396061,38.216920178294465,270551.0
1741393141.1475625,2.0,3.0,4.0,2.0,3.0,4.0,555.0,156.0,19.0,2.0,0.0,0.0,19.448359375,36.30084131529969,1008.6634981330528,38.255933329335726,270551.0
1741393142.1613147,2.0,3.0,4.0,2.0,3.0,4.0,555.0,156.0,19.0,2.0,0.0,0.0,19.4454296875,36.329870314669854,1008.6643305854152,38.24897709008816,270340.0
1741393143.173743,2.0,3.0,4.0,2.0,3.0,4.0,555.0,156.0,19.0,2.0,0.0,0.0,19.4395703125,36.32931460655197,1008.6641721967679,38.25030063612765,270763.0
1741393144.1869383,2.0,3.0,5.0,2.0,3.0,5.0,549.0,156.0,21.0,5.0,1.0,1.0,19.4380078125,36.370204705469796,1008.6671685207948,38.22526242571425,270763.0
1741393145.20076,2.0,3.0,5.0,2.0,3.0,5.0,549.0,156.0,21.0,5.0,1.0,1.0,19.43703125,36.39356741796475,1008.6674459550346,38.22294410243292,271186.0
1741393146.213399,2.0,3.0,5.0,2.0,3.0,5.0,549.0,156.0,21.0,5.0,1.0,1.0,19.4344921875,36.3933262819788,1008.6652502332978,38.2412922224815,270551.0
1741393147.2256718,2.0,3.0,5.0,2.0,3.0,5.0,567.0,158.0,22.0,6.0,1.0,1.0,19.4309765625,36.410586136879466,1008.6706244395469,38.19638377439627,270130.0
1741393148.238604,2.0,3.0,5.0,2.0,3.0,5.0,567.0,158.0,22.0,6.0,1.0,1.0,19.4321484375,36.44589115608641,1008.6724793208152,38.18088388592896,272466.0
1741393149.2515996,2.0,3.0,5.0,2.0,3.0,5.0,567.0,158.0,22.0,6.0,1.0,1.0,19.4315625,36.463435343704035,1008.6660824791215,38.23433771891658,270130.0
1741393150.2633436,2.0,3.0,5.0,2.0,3.0,5.0,591.0,166.0,20.0,6.0,1.0,1.0,19.430390625,36.46332388129596,1008.6624044783458,38.26507226631205,270340.0
1741393151.2745273,2.0,3.0,5.0,2.0,3.0,5.0,591.0,166.0,20.0,6.0,1.0,1.0,19.426875,36.48059127607574,1008.6641323609,38.2506335173708,269919.0
1741393152.2856247,2.0,3.0,5.0,2.0,3.0,5.0,591.0,166.0,20.0,6.0,1.0,1.0,19.42140625,36.49767457396164,1008.6591224787683,38.292497778027965,272252.0
1741393153.2967317,2.0,3.0,5.0,2.0,3.0,5.0,510.0,141.0,18.0,5.0,1.0,1.0,19.4188671875,36.532646113846596,1008.6605728617026,38.28037787293257,270551.0
1741393154.3077567,2.0,3.0,5.0,2.0,3.0,5.0,510.0,141.0,18.0,5.0,1.0,1.0,19.420625,36.53868323477,1008.6615320956356,38.27236218775683,269499.0
1741393155.3188748,2.0,3.0,5.0,2.0,3.0,5.0,510.0,141.0,18.0,5.0,1.0,1.0,19.42140625,36.562238723087596,1008.6536531658165,38.33820138942657,271399.0
1741393156.3318756,2.0,3.0,4.0,2.0,3.0,4.0,501.0,139.0,18.0,4.0,1.0,1.0,19.415546875,36.57342200370766,1008.6516711669127,38.35476375830017,271186.0
1741393157.3448586,2.0,3.0,4.0,2.0,3.0,4.0,501.0,139.0,18.0,4.0,1.0,1.0,19.4091015625,36.5962934856046,1008.6560538830407,38.31814007949726,272895.0
1741393158.3576517,2.0,3.0,4.0,2.0,3.0,4.0,501.0,139.0,18.0,4.0,1.0,1.0,19.40734375,36.619615308933795,1008.6605637849166,38.28045372167613,273325.0
1741393159.370206,2.0,3.0,5.0,2.0,3.0,5.0,525.0,149.0,21.0,5.0,1.0,1.0,19.401875,36.607348412356586,1008.6500844642774,38.3680228937824,273974.0
